subdomain,title,description,city,phone,cta
service-ac-kediri-1,Jasa Service AC Profesional Kediri,"Layanan jasa service ac profesional cepat, profesional, dan terpercaya untuk pelanggan di Kediri.",Kediri,081234560001,Hubungi Sekarang
service-kulkas-malang-2,Jasa Service Kulkas Profesional Malang,"Layanan jasa service kulkas profesional cepat, profesional, dan terpercaya untuk pelanggan di Malang.",Malang,081234560002,Hubungi Sekarang
service-mesin-cuci-surabaya-3,Jasa Service Mesin Cuci Surabaya,"Layanan jasa service mesin cuci cepat, profesional, dan terpercaya untuk pelanggan di Surabaya.",Surabaya,081234560003,Hubungi Sekarang
instalasi-listrik-blitar-4,Jasa Instalasi Listrik Blitar,"Layanan jasa instalasi listrik cepat, profesional, dan terpercaya untuk pelanggan di Blitar.",Blitar,081234560004,Hubungi Sekarang
plumbing-tulungagung-5,Jasa Plumbing Profesional Tulungagung,"Layanan jasa plumbing profesional cepat, profesional, dan terpercaya untuk pelanggan di Tulungagung.",Tulungagung,081234560005,Hubungi Sekarang
bengkel-motor-madiun-6,Bengkel Motor Terpercaya Madiun,"Layanan bengkel motor terpercaya cepat, profesional, dan terpercaya untuk pelanggan di Madiun.",Madiun,081234560006,Hubungi Sekarang
cuci-mobil-jombang-7,Jasa Cuci Mobil Jombang,"Layanan jasa cuci mobil cepat, profesional, dan terpercaya untuk pelanggan di Jombang.",Jombang,081234560007,Hubungi Sekarang
cuci-motor-nganjuk-8,Jasa Cuci Motor Nganjuk,"Layanan jasa cuci motor cepat, profesional, dan terpercaya untuk pelanggan di Nganjuk.",Nganjuk,081234560008,Hubungi Sekarang
konveksi-mojokerto-9,Jasa Konveksi Mojokerto,"Layanan jasa konveksi cepat, profesional, dan terpercaya untuk pelanggan di Mojokerto.",Mojokerto,081234560009,Hubungi Sekarang
percetakan-pasuruan-10,Jasa Percetakan Pasuruan,"Layanan jasa percetakan cepat, profesional, dan terpercaya untuk pelanggan di Pasuruan.",Pasuruan,081234560010,Hubungi Sekarang
service-ac-kediri-11,Jasa Service AC Profesional Kediri,"Layanan jasa service ac profesional cepat, profesional, dan terpercaya untuk pelanggan di Kediri.",Kediri,081234560011,Hubungi Sekarang
service-kulkas-malang-12,Jasa Service Kulkas Profesional Malang,"Layanan jasa service kulkas profesional cepat, profesional, dan terpercaya untuk pelanggan di Malang.",Malang,081234560012,Hubungi Sekarang
service-mesin-cuci-surabaya-13,Jasa Service Mesin Cuci Surabaya,"Layanan jasa service mesin cuci cepat, profesional, dan terpercaya untuk pelanggan di Surabaya.",Surabaya,081234560013,Hubungi Sekarang
instalasi-listrik-blitar-14,Jasa Instalasi Listrik Blitar,"Layanan jasa instalasi listrik cepat, profesional, dan terpercaya untuk pelanggan di Blitar.",Blitar,081234560014,Hubungi Sekarang
plumbing-tulungagung-15,Jasa Plumbing Profesional Tulungagung,"Layanan jasa plumbing profesional cepat, profesional, dan terpercaya untuk pelanggan di Tulungagung.",Tulungagung,081234560015,Hubungi Sekarang
bengkel-motor-madiun-16,Bengkel Motor Terpercaya Madiun,"Layanan bengkel motor terpercaya cepat, profesional, dan terpercaya untuk pelanggan di Madiun.",Madiun,081234560016,Hubungi Sekarang
cuci-mobil-jombang-17,Jasa Cuci Mobil Jombang,"Layanan jasa cuci mobil cepat, profesional, dan terpercaya untuk pelanggan di Jombang.",Jombang,081234560017,Hubungi Sekarang
cuci-motor-nganjuk-18,Jasa Cuci Motor Nganjuk,"Layanan jasa cuci motor cepat, profesional, dan terpercaya untuk pelanggan di Nganjuk.",Nganjuk,081234560018,Hubungi Sekarang
konveksi-mojokerto-19,Jasa Konveksi Mojokerto,"Layanan jasa konveksi cepat, profesional, dan terpercaya untuk pelanggan di Mojokerto.",Mojokerto,081234560019,Hubungi Sekarang
percetakan-pasuruan-20,Jasa Percetakan Pasuruan,"Layanan jasa percetakan cepat, profesional, dan terpercaya untuk pelanggan di Pasuruan.",Pasuruan,081234560020,Hubungi Sekarang
service-ac-kediri-21,Jasa Service AC Profesional Kediri,"Layanan jasa service ac profesional cepat, profesional, dan terpercaya untuk pelanggan di Kediri.",Kediri,081234560021,Hubungi Sekarang
service-kulkas-malang-22,Jasa Service Kulkas Profesional Malang,"Layanan jasa service kulkas profesional cepat, profesional, dan terpercaya untuk pelanggan di Malang.",Malang,081234560022,Hubungi Sekarang
service-mesin-cuci-surabaya-23,Jasa Service Mesin Cuci Surabaya,"Layanan jasa service mesin cuci cepat, profesional, dan terpercaya untuk pelanggan di Surabaya.",Surabaya,081234560023,Hubungi Sekarang
instalasi-listrik-blitar-24,Jasa Instalasi Listrik Blitar,"Layanan jasa instalasi listrik cepat, profesional, dan terpercaya untuk pelanggan di Blitar.",Blitar,081234560024,Hubungi Sekarang
plumbing-tulungagung-25,Jasa Plumbing Profesional Tulungagung,"Layanan jasa plumbing profesional cepat, profesional, dan terpercaya untuk pelanggan di Tulungagung.",Tulungagung,081234560025,Hubungi Sekarang
bengkel-motor-madiun-26,Bengkel Motor Terpercaya Madiun,"Layanan bengkel motor terpercaya cepat, profesional, dan terpercaya untuk pelanggan di Madiun.",Madiun,081234560026,Hubungi Sekarang
cuci-mobil-jombang-27,Jasa Cuci Mobil Jombang,"Layanan jasa cuci mobil cepat, profesional, dan terpercaya untuk pelanggan di Jombang.",Jombang,081234560027,Hubungi Sekarang
cuci-motor-nganjuk-28,Jasa Cuci Motor Nganjuk,"Layanan jasa cuci motor cepat, profesional, dan terpercaya untuk pelanggan di Nganjuk.",Nganjuk,081234560028,Hubungi Sekarang
konveksi-mojokerto-29,Jasa Konveksi Mojokerto,"Layanan jasa konveksi cepat, profesional, dan terpercaya untuk pelanggan di Mojokerto.",Mojokerto,081234560029,Hubungi Sekarang
percetakan-pasuruan-30,Jasa Percetakan Pasuruan,"Layanan jasa percetakan cepat, profesional, dan terpercaya untuk pelanggan di Pasuruan.",Pasuruan,081234560030,Hubungi Sekarang
service-ac-kediri-31,Jasa Service AC Profesional Kediri,"Layanan jasa service ac profesional cepat, profesional, dan terpercaya untuk pelanggan di Kediri.",Kediri,081234560031,Hubungi Sekarang
service-kulkas-malang-32,Jasa Service Kulkas Profesional Malang,"Layanan jasa service kulkas profesional cepat, profesional, dan terpercaya untuk pelanggan di Malang.",Malang,081234560032,Hubungi Sekarang
service-mesin-cuci-surabaya-33,Jasa Service Mesin Cuci Surabaya,"Layanan jasa service mesin cuci cepat, profesional, dan terpercaya untuk pelanggan di Surabaya.",Surabaya,081234560033,Hubungi Sekarang
instalasi-listrik-blitar-34,Jasa Instalasi Listrik Blitar,"Layanan jasa instalasi listrik cepat, profesional, dan terpercaya untuk pelanggan di Blitar.",Blitar,081234560034,Hubungi Sekarang
plumbing-tulungagung-35,Jasa Plumbing Profesional Tulungagung,"Layanan jasa plumbing profesional cepat, profesional, dan terpercaya untuk pelanggan di Tulungagung.",Tulungagung,081234560035,Hubungi Sekarang
bengkel-motor-madiun-36,Bengkel Motor Terpercaya Madiun,"Layanan bengkel motor terpercaya cepat, profesional, dan terpercaya untuk pelanggan di Madiun.",Madiun,081234560036,Hubungi Sekarang
cuci-mobil-jombang-37,Jasa Cuci Mobil Jombang,"Layanan jasa cuci mobil cepat, profesional, dan terpercaya untuk pelanggan di Jombang.",Jombang,081234560037,Hubungi Sekarang
cuci-motor-nganjuk-38,Jasa Cuci Motor Nganjuk,"Layanan jasa cuci motor cepat, profesional, dan terpercaya untuk pelanggan di Nganjuk.",Nganjuk,081234560038,Hubungi Sekarang
konveksi-mojokerto-39,Jasa Konveksi Mojokerto,"Layanan jasa konveksi cepat, profesional, dan terpercaya untuk pelanggan di Mojokerto.",Mojokerto,081234560039,Hubungi Sekarang
percetakan-pasuruan-40,Jasa Percetakan Pasuruan,"Layanan jasa percetakan cepat, profesional, dan terpercaya untuk pelanggan di Pasuruan.",Pasuruan,081234560040,Hubungi Sekarang
service-ac-kediri-41,Jasa Service AC Profesional Kediri,"Layanan jasa service ac profesional cepat, profesional, dan terpercaya untuk pelanggan di Kediri.",Kediri,081234560041,Hubungi Sekarang
service-kulkas-malang-42,Jasa Service Kulkas Profesional Malang,"Layanan jasa service kulkas profesional cepat, profesional, dan terpercaya untuk pelanggan di Malang.",Malang,081234560042,Hubungi Sekarang
service-mesin-cuci-surabaya-43,Jasa Service Mesin Cuci Surabaya,"Layanan jasa service mesin cuci cepat, profesional, dan terpercaya untuk pelanggan di Surabaya.",Surabaya,081234560043,Hubungi Sekarang
instalasi-listrik-blitar-44,Jasa Instalasi Listrik Blitar,"Layanan jasa instalasi listrik cepat, profesional, dan terpercaya untuk pelanggan di Blitar.",Blitar,081234560044,Hubungi Sekarang
plumbing-tulungagung-45,Jasa Plumbing Profesional Tulungagung,"Layanan jasa plumbing profesional cepat, profesional, dan terpercaya untuk pelanggan di Tulungagung.",Tulungagung,081234560045,Hubungi Sekarang
bengkel-motor-madiun-46,Bengkel Motor Terpercaya Madiun,"Layanan bengkel motor terpercaya cepat, profesional, dan terpercaya untuk pelanggan di Madiun.",Madiun,081234560046,Hubungi Sekarang
cuci-mobil-jombang-47,Jasa Cuci Mobil Jombang,"Layanan jasa cuci mobil cepat, profesional, dan terpercaya untuk pelanggan di Jombang.",Jombang,081234560047,Hubungi Sekarang
cuci-motor-nganjuk-48,Jasa Cuci Motor Nganjuk,"Layanan jasa cuci motor cepat, profesional, dan terpercaya untuk pelanggan di Nganjuk.",Nganjuk,081234560048,Hubungi Sekarang
konveksi-mojokerto-49,Jasa Konveksi Mojokerto,"Layanan jasa konveksi cepat, profesional, dan terpercaya untuk pelanggan di Mojokerto.",Mojokerto,081234560049,Hubungi Sekarang
percetakan-pasuruan-50,Jasa Percetakan Pasuruan,"Layanan jasa percetakan cepat, profesional, dan terpercaya untuk pelanggan di Pasuruan.",Pasuruan,081234560050,Hubungi Sekarang
service-ac-kediri-51,Jasa Service AC Profesional Kediri,"Layanan jasa service ac profesional cepat, profesional, dan terpercaya untuk pelanggan di Kediri.",Kediri,081234560051,Hubungi Sekarang
service-kulkas-malang-52,Jasa Service Kulkas Profesional Malang,"Layanan jasa service kulkas profesional cepat, profesional, dan terpercaya untuk pelanggan di Malang.",Malang,081234560052,Hubungi Sekarang
service-mesin-cuci-surabaya-53,Jasa Service Mesin Cuci Surabaya,"Layanan jasa service mesin cuci cepat, profesional, dan terpercaya untuk pelanggan di Surabaya.",Surabaya,081234560053,Hubungi Sekarang
instalasi-listrik-blitar-54,Jasa Instalasi Listrik Blitar,"Layanan jasa instalasi listrik cepat, profesional, dan terpercaya untuk pelanggan di Blitar.",Blitar,081234560054,Hubungi Sekarang
plumbing-tulungagung-55,Jasa Plumbing Profesional Tulungagung,"Layanan jasa plumbing profesional cepat, profesional, dan terpercaya untuk pelanggan di Tulungagung.",Tulungagung,081234560055,Hubungi Sekarang
bengkel-motor-madiun-56,Bengkel Motor Terpercaya Madiun,"Layanan bengkel motor terpercaya cepat, profesional, dan terpercaya untuk pelanggan di Madiun.",Madiun,081234560056,Hubungi Sekarang
cuci-mobil-jombang-57,Jasa Cuci Mobil Jombang,"Layanan jasa cuci mobil cepat, profesional, dan terpercaya untuk pelanggan di Jombang.",Jombang,081234560057,Hubungi Sekarang
cuci-motor-nganjuk-58,Jasa Cuci Motor Nganjuk,"Layanan jasa cuci motor cepat, profesional, dan terpercaya untuk pelanggan di Nganjuk.",Nganjuk,081234560058,Hubungi Sekarang
konveksi-mojokerto-59,Jasa Konveksi Mojokerto,"Layanan jasa konveksi cepat, profesional, dan terpercaya untuk pelanggan di Mojokerto.",Mojokerto,081234560059,Hubungi Sekarang
percetakan-pasuruan-60,Jasa Percetakan Pasuruan,"Layanan jasa percetakan cepat, profesional, dan terpercaya untuk pelanggan di Pasuruan.",Pasuruan,081234560060,Hubungi Sekarang
service-ac-kediri-61,Jasa Service AC Profesional Kediri,"Layanan jasa service ac profesional cepat, profesional, dan terpercaya untuk pelanggan di Kediri.",Kediri,081234560061,Hubungi Sekarang
service-kulkas-malang-62,Jasa Service Kulkas Profesional Malang,"Layanan jasa service kulkas profesional cepat, profesional, dan terpercaya untuk pelanggan di Malang.",Malang,081234560062,Hubungi Sekarang
service-mesin-cuci-surabaya-63,Jasa Service Mesin Cuci Surabaya,"Layanan jasa service mesin cuci cepat, profesional, dan terpercaya untuk pelanggan di Surabaya.",Surabaya,081234560063,Hubungi Sekarang
instalasi-listrik-blitar-64,Jasa Instalasi Listrik Blitar,"Layanan jasa instalasi listrik cepat, profesional, dan terpercaya untuk pelanggan di Blitar.",Blitar,081234560064,Hubungi Sekarang
plumbing-tulungagung-65,Jasa Plumbing Profesional Tulungagung,"Layanan jasa plumbing profesional cepat, profesional, dan terpercaya untuk pelanggan di Tulungagung.",Tulungagung,081234560065,Hubungi Sekarang
bengkel-motor-madiun-66,Bengkel Motor Terpercaya Madiun,"Layanan bengkel motor terpercaya cepat, profesional, dan terpercaya untuk pelanggan di Madiun.",Madiun,081234560066,Hubungi Sekarang
cuci-mobil-jombang-67,Jasa Cuci Mobil Jombang,"Layanan jasa cuci mobil cepat, profesional, dan terpercaya untuk pelanggan di Jombang.",Jombang,081234560067,Hubungi Sekarang
cuci-motor-nganjuk-68,Jasa Cuci Motor Nganjuk,"Layanan jasa cuci motor cepat, profesional, dan terpercaya untuk pelanggan di Nganjuk.",Nganjuk,081234560068,Hubungi Sekarang
konveksi-mojokerto-69,Jasa Konveksi Mojokerto,"Layanan jasa konveksi cepat, profesional, dan terpercaya untuk pelanggan di Mojokerto.",Mojokerto,081234560069,Hubungi Sekarang
percetakan-pasuruan-70,Jasa Percetakan Pasuruan,"Layanan jasa percetakan cepat, profesional, dan terpercaya untuk pelanggan di Pasuruan.",Pasuruan,081234560070,Hubungi Sekarang
service-ac-kediri-71,Jasa Service AC Profesional Kediri,"Layanan jasa service ac profesional cepat, profesional, dan terpercaya untuk pelanggan di Kediri.",Kediri,081234560071,Hubungi Sekarang
service-kulkas-malang-72,Jasa Service Kulkas Profesional Malang,"Layanan jasa service kulkas profesional cepat, profesional, dan terpercaya untuk pelanggan di Malang.",Malang,081234560072,Hubungi Sekarang
service-mesin-cuci-surabaya-73,Jasa Service Mesin Cuci Surabaya,"Layanan jasa service mesin cuci cepat, profesional, dan terpercaya untuk pelanggan di Surabaya.",Surabaya,081234560073,Hubungi Sekarang
instalasi-listrik-blitar-74,Jasa Instalasi Listrik Blitar,"Layanan jasa instalasi listrik cepat, profesional, dan terpercaya untuk pelanggan di Blitar.",Blitar,081234560074,Hubungi Sekarang
plumbing-tulungagung-75,Jasa Plumbing Profesional Tulungagung,"Layanan jasa plumbing profesional cepat, profesional, dan terpercaya untuk pelanggan di Tulungagung.",Tulungagung,081234560075,Hubungi Sekarang
bengkel-motor-madiun-76,Bengkel Motor Terpercaya Madiun,"Layanan bengkel motor terpercaya cepat, profesional, dan terpercaya untuk pelanggan di Madiun.",Madiun,081234560076,Hubungi Sekarang
cuci-mobil-jombang-77,Jasa Cuci Mobil Jombang,"Layanan jasa cuci mobil cepat, profesional, dan terpercaya untuk pelanggan di Jombang.",Jombang,081234560077,Hubungi Sekarang
cuci-motor-nganjuk-78,Jasa Cuci Motor Nganjuk,"Layanan jasa cuci motor cepat, profesional, dan terpercaya untuk pelanggan di Nganjuk.",Nganjuk,081234560078,Hubungi Sekarang
konveksi-mojokerto-79,Jasa Konveksi Mojokerto,"Layanan jasa konveksi cepat, profesional, dan terpercaya untuk pelanggan di Mojokerto.",Mojokerto,081234560079,Hubungi Sekarang
percetakan-pasuruan-80,Jasa Percetakan Pasuruan,"Layanan jasa percetakan cepat, profesional, dan terpercaya untuk pelanggan di Pasuruan.",Pasuruan,081234560080,Hubungi Sekarang
service-ac-kediri-81,Jasa Service AC Profesional Kediri,"Layanan jasa service ac profesional cepat, profesional, dan terpercaya untuk pelanggan di Kediri.",Kediri,081234560081,Hubungi Sekarang
service-kulkas-malang-82,Jasa Service Kulkas Profesional Malang,"Layanan jasa service kulkas profesional cepat, profesional, dan terpercaya untuk pelanggan di Malang.",Malang,081234560082,Hubungi Sekarang
service-mesin-cuci-surabaya-83,Jasa Service Mesin Cuci Surabaya,"Layanan jasa service mesin cuci cepat, profesional, dan terpercaya untuk pelanggan di Surabaya.",Surabaya,081234560083,Hubungi Sekarang
instalasi-listrik-blitar-84,Jasa Instalasi Listrik Blitar,"Layanan jasa instalasi listrik cepat, profesional, dan terpercaya untuk pelanggan di Blitar.",Blitar,081234560084,Hubungi Sekarang
plumbing-tulungagung-85,Jasa Plumbing Profesional Tulungagung,"Layanan jasa plumbing profesional cepat, profesional, dan terpercaya untuk pelanggan di Tulungagung.",Tulungagung,081234560085,Hubungi Sekarang
bengkel-motor-madiun-86,Bengkel Motor Terpercaya Madiun,"Layanan bengkel motor terpercaya cepat, profesional, dan terpercaya untuk pelanggan di Madiun.",Madiun,081234560086,Hubungi Sekarang
cuci-mobil-jombang-87,Jasa Cuci Mobil Jombang,"Layanan jasa cuci mobil cepat, profesional, dan terpercaya untuk pelanggan di Jombang.",Jombang,081234560087,Hubungi Sekarang
cuci-motor-nganjuk-88,Jasa Cuci Motor Nganjuk,"Layanan jasa cuci motor cepat, profesional, dan terpercaya untuk pelanggan di Nganjuk.",Nganjuk,081234560088,Hubungi Sekarang
konveksi-mojokerto-89,Jasa Konveksi Mojokerto,"Layanan jasa konveksi cepat, profesional, dan terpercaya untuk pelanggan di Mojokerto.",Mojokerto,081234560089,Hubungi Sekarang
percetakan-pasuruan-90,Jasa Percetakan Pasuruan,"Layanan jasa percetakan cepat, profesional, dan terpercaya untuk pelanggan di Pasuruan.",Pasuruan,081234560090,Hubungi Sekarang
service-ac-kediri-91,Jasa Service AC Profesional Kediri,"Layanan jasa service ac profesional cepat, profesional, dan terpercaya untuk pelanggan di Kediri.",Kediri,081234560091,Hubungi Sekarang
service-kulkas-malang-92,Jasa Service Kulkas Profesional Malang,"Layanan jasa service kulkas profesional cepat, profesional, dan terpercaya untuk pelanggan di Malang.",Malang,081234560092,Hubungi Sekarang
service-mesin-cuci-surabaya-93,Jasa Service Mesin Cuci Surabaya,"Layanan jasa service mesin cuci cepat, profesional, dan terpercaya untuk pelanggan di Surabaya.",Surabaya,081234560093,Hubungi Sekarang
instalasi-listrik-blitar-94,Jasa Instalasi Listrik Blitar,"Layanan jasa instalasi listrik cepat, profesional, dan terpercaya untuk pelanggan di Blitar.",Blitar,081234560094,Hubungi Sekarang
plumbing-tulungagung-95,Jasa Plumbing Profesional Tulungagung,"Layanan jasa plumbing profesional cepat, profesional, dan terpercaya untuk pelanggan di Tulungagung.",Tulungagung,081234560095,Hubungi Sekarang
bengkel-motor-madiun-96,Bengkel Motor Terpercaya Madiun,"Layanan bengkel motor terpercaya cepat, profesional, dan terpercaya untuk pelanggan di Madiun.",Madiun,081234560096,Hubungi Sekarang
cuci-mobil-jombang-97,Jasa Cuci Mobil Jombang,"Layanan jasa cuci mobil cepat, profesional, dan terpercaya untuk pelanggan di Jombang.",Jombang,081234560097,Hubungi Sekarang
cuci-motor-nganjuk-98,Jasa Cuci Motor Nganjuk,"Layanan jasa cuci motor cepat, profesional, dan terpercaya untuk pelanggan di Nganjuk.",Nganjuk,081234560098,Hubungi Sekarang
konveksi-mojokerto-99,Jasa Konveksi Mojokerto,"Layanan jasa konveksi cepat, profesional, dan terpercaya untuk pelanggan di Mojokerto.",Mojokerto,081234560099,Hubungi Sekarang
percetakan-pasuruan-100,Jasa Percetakan Pasuruan,"Layanan jasa percetakan cepat, profesional, dan terpercaya untuk pelanggan di Pasuruan.",Pasuruan,081234560100,Hubungi Sekarang
service-ac-kediri-101,Jasa Service AC Profesional Kediri,"Layanan jasa service ac profesional cepat, profesional, dan terpercaya untuk pelanggan di Kediri.",Kediri,081234560101,Hubungi Sekarang
service-kulkas-malang-102,Jasa Service Kulkas Profesional Malang,"Layanan jasa service kulkas profesional cepat, profesional, dan terpercaya untuk pelanggan di Malang.",Malang,081234560102,Hubungi Sekarang
service-mesin-cuci-surabaya-103,Jasa Service Mesin Cuci Surabaya,"Layanan jasa service mesin cuci cepat, profesional, dan terpercaya untuk pelanggan di Surabaya.",Surabaya,081234560103,Hubungi Sekarang
instalasi-listrik-blitar-104,Jasa Instalasi Listrik Blitar,"Layanan jasa instalasi listrik cepat, profesional, dan terpercaya untuk pelanggan di Blitar.",Blitar,081234560104,Hubungi Sekarang
plumbing-tulungagung-105,Jasa Plumbing Profesional Tulungagung,"Layanan jasa plumbing profesional cepat, profesional, dan terpercaya untuk pelanggan di Tulungagung.",Tulungagung,081234560105,Hubungi Sekarang
bengkel-motor-madiun-106,Bengkel Motor Terpercaya Madiun,"Layanan bengkel motor terpercaya cepat, profesional, dan terpercaya untuk pelanggan di Madiun.",Madiun,081234560106,Hubungi Sekarang
cuci-mobil-jombang-107,Jasa Cuci Mobil Jombang,"Layanan jasa cuci mobil cepat, profesional, dan terpercaya untuk pelanggan di Jombang.",Jombang,081234560107,Hubungi Sekarang
cuci-motor-nganjuk-108,Jasa Cuci Motor Nganjuk,"Layanan jasa cuci motor cepat, profesional, dan terpercaya untuk pelanggan di Nganjuk.",Nganjuk,081234560108,Hubungi Sekarang
konveksi-mojokerto-109,Jasa Konveksi Mojokerto,"Layanan jasa konveksi cepat, profesional, dan terpercaya untuk pelanggan di Mojokerto.",Mojokerto,081234560109,Hubungi Sekarang
percetakan-pasuruan-110,Jasa Percetakan Pasuruan,"Layanan jasa percetakan cepat, profesional, dan terpercaya untuk pelanggan di Pasuruan.",Pasuruan,081234560110,Hubungi Sekarang
service-ac-kediri-111,Jasa Service AC Profesional Kediri,"Layanan jasa service ac profesional cepat, profesional, dan terpercaya untuk pelanggan di Kediri.",Kediri,081234560111,Hubungi Sekarang
service-kulkas-malang-112,Jasa Service Kulkas Profesional Malang,"Layanan jasa service kulkas profesional cepat, profesional, dan terpercaya untuk pelanggan di Malang.",Malang,081234560112,Hubungi Sekarang
service-mesin-cuci-surabaya-113,Jasa Service Mesin Cuci Surabaya,"Layanan jasa service mesin cuci cepat, profesional, dan terpercaya untuk pelanggan di Surabaya.",Surabaya,081234560113,Hubungi Sekarang
instalasi-listrik-blitar-114,Jasa Instalasi Listrik Blitar,"Layanan jasa instalasi listrik cepat, profesional, dan terpercaya untuk pelanggan di Blitar.",Blitar,081234560114,Hubungi Sekarang
plumbing-tulungagung-115,Jasa Plumbing Profesional Tulungagung,"Layanan jasa plumbing profesional cepat, profesional, dan terpercaya untuk pelanggan di Tulungagung.",Tulungagung,081234560115,Hubungi Sekarang
bengkel-motor-madiun-116,Bengkel Motor Terpercaya Madiun,"Layanan bengkel motor terpercaya cepat, profesional, dan terpercaya untuk pelanggan di Madiun.",Madiun,081234560116,Hubungi Sekarang
cuci-mobil-jombang-117,Jasa Cuci Mobil Jombang,"Layanan jasa cuci mobil cepat, profesional, dan terpercaya untuk pelanggan di Jombang.",Jombang,081234560117,Hubungi Sekarang
cuci-motor-nganjuk-118,Jasa Cuci Motor Nganjuk,"Layanan jasa cuci motor cepat, profesional, dan terpercaya untuk pelanggan di Nganjuk.",Nganjuk,081234560118,Hubungi Sekarang
konveksi-mojokerto-119,Jasa Konveksi Mojokerto,"Layanan jasa konveksi cepat, profesional, dan terpercaya untuk pelanggan di Mojokerto.",Mojokerto,081234560119,Hubungi Sekarang
percetakan-pasuruan-120,Jasa Percetakan Pasuruan,"Layanan jasa percetakan cepat, profesional, dan terpercaya untuk pelanggan di Pasuruan.",Pasuruan,081234560120,Hubungi Sekarang
service-ac-kediri-121,Jasa Service AC Profesional Kediri,"Layanan jasa service ac profesional cepat, profesional, dan terpercaya untuk pelanggan di Kediri.",Kediri,081234560121,Hubungi Sekarang
service-kulkas-malang-122,Jasa Service Kulkas Profesional Malang,"Layanan jasa service kulkas profesional cepat, profesional, dan terpercaya untuk pelanggan di Malang.",Malang,081234560122,Hubungi Sekarang
service-mesin-cuci-surabaya-123,Jasa Service Mesin Cuci Surabaya,"Layanan jasa service mesin cuci cepat, profesional, dan terpercaya untuk pelanggan di Surabaya.",Surabaya,081234560123,Hubungi Sekarang
instalasi-listrik-blitar-124,Jasa Instalasi Listrik Blitar,"Layanan jasa instalasi listrik cepat, profesional, dan terpercaya untuk pelanggan di Blitar.",Blitar,081234560124,Hubungi Sekarang
plumbing-tulungagung-125,Jasa Plumbing Profesional Tulungagung,"Layanan jasa plumbing profesional cepat, profesional, dan terpercaya untuk pelanggan di Tulungagung.",Tulungagung,081234560125,Hubungi Sekarang
bengkel-motor-madiun-126,Bengkel Motor Terpercaya Madiun,"Layanan bengkel motor terpercaya cepat, profesional, dan terpercaya untuk pelanggan di Madiun.",Madiun,081234560126,Hubungi Sekarang
cuci-mobil-jombang-127,Jasa Cuci Mobil Jombang,"Layanan jasa cuci mobil cepat, profesional, dan terpercaya untuk pelanggan di Jombang.",Jombang,081234560127,Hubungi Sekarang
cuci-motor-nganjuk-128,Jasa Cuci Motor Nganjuk,"Layanan jasa cuci motor cepat, profesional, dan terpercaya untuk pelanggan di Nganjuk.",Nganjuk,081234560128,Hubungi Sekarang
konveksi-mojokerto-129,Jasa Konveksi Mojokerto,"Layanan jasa konveksi cepat, profesional, dan terpercaya untuk pelanggan di Mojokerto.",Mojokerto,081234560129,Hubungi Sekarang
percetakan-pasuruan-130,Jasa Percetakan Pasuruan,"Layanan jasa percetakan cepat, profesional, dan terpercaya untuk pelanggan di Pasuruan.",Pasuruan,081234560130,Hubungi Sekarang
service-ac-kediri-131,Jasa Service AC Profesional Kediri,"Layanan jasa service ac profesional cepat, profesional, dan terpercaya untuk pelanggan di Kediri.",Kediri,081234560131,Hubungi Sekarang
service-kulkas-malang-132,Jasa Service Kulkas Profesional Malang,"Layanan jasa service kulkas profesional cepat, profesional, dan terpercaya untuk pelanggan di Malang.",Malang,081234560132,Hubungi Sekarang
service-mesin-cuci-surabaya-133,Jasa Service Mesin Cuci Surabaya,"Layanan jasa service mesin cuci cepat, profesional, dan terpercaya untuk pelanggan di Surabaya.",Surabaya,081234560133,Hubungi Sekarang
instalasi-listrik-blitar-134,Jasa Instalasi Listrik Blitar,"Layanan jasa instalasi listrik cepat, profesional, dan terpercaya untuk pelanggan di Blitar.",Blitar,081234560134,Hubungi Sekarang
plumbing-tulungagung-135,Jasa Plumbing Profesional Tulungagung,"Layanan jasa plumbing profesional cepat, profesional, dan terpercaya untuk pelanggan di Tulungagung.",Tulungagung,081234560135,Hubungi Sekarang
bengkel-motor-madiun-136,Bengkel Motor Terpercaya Madiun,"Layanan bengkel motor terpercaya cepat, profesional, dan terpercaya untuk pelanggan di Madiun.",Madiun,081234560136,Hubungi Sekarang
cuci-mobil-jombang-137,Jasa Cuci Mobil Jombang,"Layanan jasa cuci mobil cepat, profesional, dan terpercaya untuk pelanggan di Jombang.",Jombang,081234560137,Hubungi Sekarang
cuci-motor-nganjuk-138,Jasa Cuci Motor Nganjuk,"Layanan jasa cuci motor cepat, profesional, dan terpercaya untuk pelanggan di Nganjuk.",Nganjuk,081234560138,Hubungi Sekarang
konveksi-mojokerto-139,Jasa Konveksi Mojokerto,"Layanan jasa konveksi cepat, profesional, dan terpercaya untuk pelanggan di Mojokerto.",Mojokerto,081234560139,Hubungi Sekarang
percetakan-pasuruan-140,Jasa Percetakan Pasuruan,"Layanan jasa percetakan cepat, profesional, dan terpercaya untuk pelanggan di Pasuruan.",Pasuruan,081234560140,Hubungi Sekarang
service-ac-kediri-141,Jasa Service AC Profesional Kediri,"Layanan jasa service ac profesional cepat, profesional, dan terpercaya untuk pelanggan di Kediri.",Kediri,081234560141,Hubungi Sekarang
service-kulkas-malang-142,Jasa Service Kulkas Profesional Malang,"Layanan jasa service kulkas profesional cepat, profesional, dan terpercaya untuk pelanggan di Malang.",Malang,081234560142,Hubungi Sekarang
service-mesin-cuci-surabaya-143,Jasa Service Mesin Cuci Surabaya,"Layanan jasa service mesin cuci cepat, profesional, dan terpercaya untuk pelanggan di Surabaya.",Surabaya,081234560143,Hubungi Sekarang
instalasi-listrik-blitar-144,Jasa Instalasi Listrik Blitar,"Layanan jasa instalasi listrik cepat, profesional, dan terpercaya untuk pelanggan di Blitar.",Blitar,081234560144,Hubungi Sekarang
plumbing-tulungagung-145,Jasa Plumbing Profesional Tulungagung,"Layanan jasa plumbing profesional cepat, profesional, dan terpercaya untuk pelanggan di Tulungagung.",Tulungagung,081234560145,Hubungi Sekarang
bengkel-motor-madiun-146,Bengkel Motor Terpercaya Madiun,"Layanan bengkel motor terpercaya cepat, profesional, dan terpercaya untuk pelanggan di Madiun.",Madiun,081234560146,Hubungi Sekarang
cuci-mobil-jombang-147,Jasa Cuci Mobil Jombang,"Layanan jasa cuci mobil cepat, profesional, dan terpercaya untuk pelanggan di Jombang.",Jombang,081234560147,Hubungi Sekarang
cuci-motor-nganjuk-148,Jasa Cuci Motor Nganjuk,"Layanan jasa cuci motor cepat, profesional, dan terpercaya untuk pelanggan di Nganjuk.",Nganjuk,081234560148,Hubungi Sekarang
konveksi-mojokerto-149,Jasa Konveksi Mojokerto,"Layanan jasa konveksi cepat, profesional, dan terpercaya untuk pelanggan di Mojokerto.",Mojokerto,081234560149,Hubungi Sekarang
percetakan-pasuruan-150,Jasa Percetakan Pasuruan,"Layanan jasa percetakan cepat, profesional, dan terpercaya untuk pelanggan di Pasuruan.",Pasuruan,081234560150,Hubungi Sekarang
service-ac-kediri-151,Jasa Service AC Profesional Kediri,"Layanan jasa service ac profesional cepat, profesional, dan terpercaya untuk pelanggan di Kediri.",Kediri,081234560151,Hubungi Sekarang
service-kulkas-malang-152,Jasa Service Kulkas Profesional Malang,"Layanan jasa service kulkas profesional cepat, profesional, dan terpercaya untuk pelanggan di Malang.",Malang,081234560152,Hubungi Sekarang
service-mesin-cuci-surabaya-153,Jasa Service Mesin Cuci Surabaya,"Layanan jasa service mesin cuci cepat, profesional, dan terpercaya untuk pelanggan di Surabaya.",Surabaya,081234560153,Hubungi Sekarang
instalasi-listrik-blitar-154,Jasa Instalasi Listrik Blitar,"Layanan jasa instalasi listrik cepat, profesional, dan terpercaya untuk pelanggan di Blitar.",Blitar,081234560154,Hubungi Sekarang
plumbing-tulungagung-155,Jasa Plumbing Profesional Tulungagung,"Layanan jasa plumbing profesional cepat, profesional, dan terpercaya untuk pelanggan di Tulungagung.",Tulungagung,081234560155,Hubungi Sekarang
bengkel-motor-madiun-156,Bengkel Motor Terpercaya Madiun,"Layanan bengkel motor terpercaya cepat, profesional, dan terpercaya untuk pelanggan di Madiun.",Madiun,081234560156,Hubungi Sekarang
cuci-mobil-jombang-157,Jasa Cuci Mobil Jombang,"Layanan jasa cuci mobil cepat, profesional, dan terpercaya untuk pelanggan di Jombang.",Jombang,081234560157,Hubungi Sekarang
cuci-motor-nganjuk-158,Jasa Cuci Motor Nganjuk,"Layanan jasa cuci motor cepat, profesional, dan terpercaya untuk pelanggan di Nganjuk.",Nganjuk,081234560158,Hubungi Sekarang
konveksi-mojokerto-159,Jasa Konveksi Mojokerto,"Layanan jasa konveksi cepat, profesional, dan terpercaya untuk pelanggan di Mojokerto.",Mojokerto,081234560159,Hubungi Sekarang
percetakan-pasuruan-160,Jasa Percetakan Pasuruan,"Layanan jasa percetakan cepat, profesional, dan terpercaya untuk pelanggan di Pasuruan.",Pasuruan,081234560160,Hubungi Sekarang
service-ac-kediri-161,Jasa Service AC Profesional Kediri,"Layanan jasa service ac profesional cepat, profesional, dan terpercaya untuk pelanggan di Kediri.",Kediri,081234560161,Hubungi Sekarang
service-kulkas-malang-162,Jasa Service Kulkas Profesional Malang,"Layanan jasa service kulkas profesional cepat, profesional, dan terpercaya untuk pelanggan di Malang.",Malang,081234560162,Hubungi Sekarang
service-mesin-cuci-surabaya-163,Jasa Service Mesin Cuci Surabaya,"Layanan jasa service mesin cuci cepat, profesional, dan terpercaya untuk pelanggan di Surabaya.",Surabaya,081234560163,Hubungi Sekarang
instalasi-listrik-blitar-164,Jasa Instalasi Listrik Blitar,"Layanan jasa instalasi listrik cepat, profesional, dan terpercaya untuk pelanggan di Blitar.",Blitar,081234560164,Hubungi Sekarang
plumbing-tulungagung-165,Jasa Plumbing Profesional Tulungagung,"Layanan jasa plumbing profesional cepat, profesional, dan terpercaya untuk pelanggan di Tulungagung.",Tulungagung,081234560165,Hubungi Sekarang
bengkel-motor-madiun-166,Bengkel Motor Terpercaya Madiun,"Layanan bengkel motor terpercaya cepat, profesional, dan terpercaya untuk pelanggan di Madiun.",Madiun,081234560166,Hubungi Sekarang
cuci-mobil-jombang-167,Jasa Cuci Mobil Jombang,"Layanan jasa cuci mobil cepat, profesional, dan terpercaya untuk pelanggan di Jombang.",Jombang,081234560167,Hubungi Sekarang
cuci-motor-nganjuk-168,Jasa Cuci Motor Nganjuk,"Layanan jasa cuci motor cepat, profesional, dan terpercaya untuk pelanggan di Nganjuk.",Nganjuk,081234560168,Hubungi Sekarang
konveksi-mojokerto-169,Jasa Konveksi Mojokerto,"Layanan jasa konveksi cepat, profesional, dan terpercaya untuk pelanggan di Mojokerto.",Mojokerto,081234560169,Hubungi Sekarang
percetakan-pasuruan-170,Jasa Percetakan Pasuruan,"Layanan jasa percetakan cepat, profesional, dan terpercaya untuk pelanggan di Pasuruan.",Pasuruan,081234560170,Hubungi Sekarang
service-ac-kediri-171,Jasa Service AC Profesional Kediri,"Layanan jasa service ac profesional cepat, profesional, dan terpercaya untuk pelanggan di Kediri.",Kediri,081234560171,Hubungi Sekarang
service-kulkas-malang-172,Jasa Service Kulkas Profesional Malang,"Layanan jasa service kulkas profesional cepat, profesional, dan terpercaya untuk pelanggan di Malang.",Malang,081234560172,Hubungi Sekarang
service-mesin-cuci-surabaya-173,Jasa Service Mesin Cuci Surabaya,"Layanan jasa service mesin cuci cepat, profesional, dan terpercaya untuk pelanggan di Surabaya.",Surabaya,081234560173,Hubungi Sekarang
instalasi-listrik-blitar-174,Jasa Instalasi Listrik Blitar,"Layanan jasa instalasi listrik cepat, profesional, dan terpercaya untuk pelanggan di Blitar.",Blitar,081234560174,Hubungi Sekarang
plumbing-tulungagung-175,Jasa Plumbing Profesional Tulungagung,"Layanan jasa plumbing profesional cepat, profesional, dan terpercaya untuk pelanggan di Tulungagung.",Tulungagung,081234560175,Hubungi Sekarang
bengkel-motor-madiun-176,Bengkel Motor Terpercaya Madiun,"Layanan bengkel motor terpercaya cepat, profesional, dan terpercaya untuk pelanggan di Madiun.",Madiun,081234560176,Hubungi Sekarang
cuci-mobil-jombang-177,Jasa Cuci Mobil Jombang,"Layanan jasa cuci mobil cepat, profesional, dan terpercaya untuk pelanggan di Jombang.",Jombang,081234560177,Hubungi Sekarang
cuci-motor-nganjuk-178,Jasa Cuci Motor Nganjuk,"Layanan jasa cuci motor cepat, profesional, dan terpercaya untuk pelanggan di Nganjuk.",Nganjuk,081234560178,Hubungi Sekarang
konveksi-mojokerto-179,Jasa Konveksi Mojokerto,"Layanan jasa konveksi cepat, profesional, dan terpercaya untuk pelanggan di Mojokerto.",Mojokerto,081234560179,Hubungi Sekarang
percetakan-pasuruan-180,Jasa Percetakan Pasuruan,"Layanan jasa percetakan cepat, profesional, dan terpercaya untuk pelanggan di Pasuruan.",Pasuruan,081234560180,Hubungi Sekarang
service-ac-kediri-181,Jasa Service AC Profesional Kediri,"Layanan jasa service ac profesional cepat, profesional, dan terpercaya untuk pelanggan di Kediri.",Kediri,081234560181,Hubungi Sekarang
service-kulkas-malang-182,Jasa Service Kulkas Profesional Malang,"Layanan jasa service kulkas profesional cepat, profesional, dan terpercaya untuk pelanggan di Malang.",Malang,081234560182,Hubungi Sekarang
service-mesin-cuci-surabaya-183,Jasa Service Mesin Cuci Surabaya,"Layanan jasa service mesin cuci cepat, profesional, dan terpercaya untuk pelanggan di Surabaya.",Surabaya,081234560183,Hubungi Sekarang
instalasi-listrik-blitar-184,Jasa Instalasi Listrik Blitar,"Layanan jasa instalasi listrik cepat, profesional, dan terpercaya untuk pelanggan di Blitar.",Blitar,081234560184,Hubungi Sekarang
plumbing-tulungagung-185,Jasa Plumbing Profesional Tulungagung,"Layanan jasa plumbing profesional cepat, profesional, dan terpercaya untuk pelanggan di Tulungagung.",Tulungagung,081234560185,Hubungi Sekarang
bengkel-motor-madiun-186,Bengkel Motor Terpercaya Madiun,"Layanan bengkel motor terpercaya cepat, profesional, dan terpercaya untuk pelanggan di Madiun.",Madiun,081234560186,Hubungi Sekarang
cuci-mobil-jombang-187,Jasa Cuci Mobil Jombang,"Layanan jasa cuci mobil cepat, profesional, dan terpercaya untuk pelanggan di Jombang.",Jombang,081234560187,Hubungi Sekarang
cuci-motor-nganjuk-188,Jasa Cuci Motor Nganjuk,"Layanan jasa cuci motor cepat, profesional, dan terpercaya untuk pelanggan di Nganjuk.",Nganjuk,081234560188,Hubungi Sekarang
konveksi-mojokerto-189,Jasa Konveksi Mojokerto,"Layanan jasa konveksi cepat, profesional, dan terpercaya untuk pelanggan di Mojokerto.",Mojokerto,081234560189,Hubungi Sekarang
percetakan-pasuruan-190,Jasa Percetakan Pasuruan,"Layanan jasa percetakan cepat, profesional, dan terpercaya untuk pelanggan di Pasuruan.",Pasuruan,081234560190,Hubungi Sekarang
service-ac-kediri-191,Jasa Service AC Profesional Kediri,"Layanan jasa service ac profesional cepat, profesional, dan terpercaya untuk pelanggan di Kediri.",Kediri,081234560191,Hubungi Sekarang
service-kulkas-malang-192,Jasa Service Kulkas Profesional Malang,"Layanan jasa service kulkas profesional cepat, profesional, dan terpercaya untuk pelanggan di Malang.",Malang,081234560192,Hubungi Sekarang
service-mesin-cuci-surabaya-193,Jasa Service Mesin Cuci Surabaya,"Layanan jasa service mesin cuci cepat, profesional, dan terpercaya untuk pelanggan di Surabaya.",Surabaya,081234560193,Hubungi Sekarang
instalasi-listrik-blitar-194,Jasa Instalasi Listrik Blitar,"Layanan jasa instalasi listrik cepat, profesional, dan terpercaya untuk pelanggan di Blitar.",Blitar,081234560194,Hubungi Sekarang
plumbing-tulungagung-195,Jasa Plumbing Profesional Tulungagung,"Layanan jasa plumbing profesional cepat, profesional, dan terpercaya untuk pelanggan di Tulungagung.",Tulungagung,081234560195,Hubungi Sekarang
bengkel-motor-madiun-196,Bengkel Motor Terpercaya Madiun,"Layanan bengkel motor terpercaya cepat, profesional, dan terpercaya untuk pelanggan di Madiun.",Madiun,081234560196,Hubungi Sekarang
cuci-mobil-jombang-197,Jasa Cuci Mobil Jombang,"Layanan jasa cuci mobil cepat, profesional, dan terpercaya untuk pelanggan di Jombang.",Jombang,081234560197,Hubungi Sekarang
cuci-motor-nganjuk-198,Jasa Cuci Motor Nganjuk,"Layanan jasa cuci motor cepat, profesional, dan terpercaya untuk pelanggan di Nganjuk.",Nganjuk,081234560198,Hubungi Sekarang
konveksi-mojokerto-199,Jasa Konveksi Mojokerto,"Layanan jasa konveksi cepat, profesional, dan terpercaya untuk pelanggan di Mojokerto.",Mojokerto,081234560199,Hubungi Sekarang
percetakan-pasuruan-200,Jasa Percetakan Pasuruan,"Layanan jasa percetakan cepat, profesional, dan terpercaya untuk pelanggan di Pasuruan.",Pasuruan,081234560200,Hubungi Sekarang
service-ac-kediri-201,Jasa Service AC Profesional Kediri,"Layanan jasa service ac profesional cepat, profesional, dan terpercaya untuk pelanggan di Kediri.",Kediri,081234560201,Hubungi Sekarang
service-kulkas-malang-202,Jasa Service Kulkas Profesional Malang,"Layanan jasa service kulkas profesional cepat, profesional, dan terpercaya untuk pelanggan di Malang.",Malang,081234560202,Hubungi Sekarang
service-mesin-cuci-surabaya-203,Jasa Service Mesin Cuci Surabaya,"Layanan jasa service mesin cuci cepat, profesional, dan terpercaya untuk pelanggan di Surabaya.",Surabaya,081234560203,Hubungi Sekarang
instalasi-listrik-blitar-204,Jasa Instalasi Listrik Blitar,"Layanan jasa instalasi listrik cepat, profesional, dan terpercaya untuk pelanggan di Blitar.",Blitar,081234560204,Hubungi Sekarang
plumbing-tulungagung-205,Jasa Plumbing Profesional Tulungagung,"Layanan jasa plumbing profesional cepat, profesional, dan terpercaya untuk pelanggan di Tulungagung.",Tulungagung,081234560205,Hubungi Sekarang
bengkel-motor-madiun-206,Bengkel Motor Terpercaya Madiun,"Layanan bengkel motor terpercaya cepat, profesional, dan terpercaya untuk pelanggan di Madiun.",Madiun,081234560206,Hubungi Sekarang
cuci-mobil-jombang-207,Jasa Cuci Mobil Jombang,"Layanan jasa cuci mobil cepat, profesional, dan terpercaya untuk pelanggan di Jombang.",Jombang,081234560207,Hubungi Sekarang
cuci-motor-nganjuk-208,Jasa Cuci Motor Nganjuk,"Layanan jasa cuci motor cepat, profesional, dan terpercaya untuk pelanggan di Nganjuk.",Nganjuk,081234560208,Hubungi Sekarang
konveksi-mojokerto-209,Jasa Konveksi Mojokerto,"Layanan jasa konveksi cepat, profesional, dan terpercaya untuk pelanggan di Mojokerto.",Mojokerto,081234560209,Hubungi Sekarang
percetakan-pasuruan-210,Jasa Percetakan Pasuruan,"Layanan jasa percetakan cepat, profesional, dan terpercaya untuk pelanggan di Pasuruan.",Pasuruan,081234560210,Hubungi Sekarang
service-ac-kediri-211,Jasa Service AC Profesional Kediri,"Layanan jasa service ac profesional cepat, profesional, dan terpercaya untuk pelanggan di Kediri.",Kediri,081234560211,Hubungi Sekarang
service-kulkas-malang-212,Jasa Service Kulkas Profesional Malang,"Layanan jasa service kulkas profesional cepat, profesional, dan terpercaya untuk pelanggan di Malang.",Malang,081234560212,Hubungi Sekarang
service-mesin-cuci-surabaya-213,Jasa Service Mesin Cuci Surabaya,"Layanan jasa service mesin cuci cepat, profesional, dan terpercaya untuk pelanggan di Surabaya.",Surabaya,081234560213,Hubungi Sekarang
instalasi-listrik-blitar-214,Jasa Instalasi Listrik Blitar,"Layanan jasa instalasi listrik cepat, profesional, dan terpercaya untuk pelanggan di Blitar.",Blitar,081234560214,Hubungi Sekarang
plumbing-tulungagung-215,Jasa Plumbing Profesional Tulungagung,"Layanan jasa plumbing profesional cepat, profesional, dan terpercaya untuk pelanggan di Tulungagung.",Tulungagung,081234560215,Hubungi Sekarang
bengkel-motor-madiun-216,Bengkel Motor Terpercaya Madiun,"Layanan bengkel motor terpercaya cepat, profesional, dan terpercaya untuk pelanggan di Madiun.",Madiun,081234560216,Hubungi Sekarang
cuci-mobil-jombang-217,Jasa Cuci Mobil Jombang,"Layanan jasa cuci mobil cepat, profesional, dan terpercaya untuk pelanggan di Jombang.",Jombang,081234560217,Hubungi Sekarang
cuci-motor-nganjuk-218,Jasa Cuci Motor Nganjuk,"Layanan jasa cuci motor cepat, profesional, dan terpercaya untuk pelanggan di Nganjuk.",Nganjuk,081234560218,Hubungi Sekarang
konveksi-mojokerto-219,Jasa Konveksi Mojokerto,"Layanan jasa konveksi cepat, profesional, dan terpercaya untuk pelanggan di Mojokerto.",Mojokerto,081234560219,Hubungi Sekarang
percetakan-pasuruan-220,Jasa Percetakan Pasuruan,"Layanan jasa percetakan cepat, profesional, dan terpercaya untuk pelanggan di Pasuruan.",Pasuruan,081234560220,Hubungi Sekarang
service-ac-kediri-221,Jasa Service AC Profesional Kediri,"Layanan jasa service ac profesional cepat, profesional, dan terpercaya untuk pelanggan di Kediri.",Kediri,081234560221,Hubungi Sekarang
service-kulkas-malang-222,Jasa Service Kulkas Profesional Malang,"Layanan jasa service kulkas profesional cepat, profesional, dan terpercaya untuk pelanggan di Malang.",Malang,081234560222,Hubungi Sekarang
service-mesin-cuci-surabaya-223,Jasa Service Mesin Cuci Surabaya,"Layanan jasa service mesin cuci cepat, profesional, dan terpercaya untuk pelanggan di Surabaya.",Surabaya,081234560223,Hubungi Sekarang
instalasi-listrik-blitar-224,Jasa Instalasi Listrik Blitar,"Layanan jasa instalasi listrik cepat, profesional, dan terpercaya untuk pelanggan di Blitar.",Blitar,081234560224,Hubungi Sekarang
plumbing-tulungagung-225,Jasa Plumbing Profesional Tulungagung,"Layanan jasa plumbing profesional cepat, profesional, dan terpercaya untuk pelanggan di Tulungagung.",Tulungagung,081234560225,Hubungi Sekarang
bengkel-motor-madiun-226,Bengkel Motor Terpercaya Madiun,"Layanan bengkel motor terpercaya cepat, profesional, dan terpercaya untuk pelanggan di Madiun.",Madiun,081234560226,Hubungi Sekarang
cuci-mobil-jombang-227,Jasa Cuci Mobil Jombang,"Layanan jasa cuci mobil cepat, profesional, dan terpercaya untuk pelanggan di Jombang.",Jombang,081234560227,Hubungi Sekarang
cuci-motor-nganjuk-228,Jasa Cuci Motor Nganjuk,"Layanan jasa cuci motor cepat, profesional, dan terpercaya untuk pelanggan di Nganjuk.",Nganjuk,081234560228,Hubungi Sekarang
konveksi-mojokerto-229,Jasa Konveksi Mojokerto,"Layanan jasa konveksi cepat, profesional, dan terpercaya untuk pelanggan di Mojokerto.",Mojokerto,081234560229,Hubungi Sekarang
percetakan-pasuruan-230,Jasa Percetakan Pasuruan,"Layanan jasa percetakan cepat, profesional, dan terpercaya untuk pelanggan di Pasuruan.",Pasuruan,081234560230,Hubungi Sekarang
service-ac-kediri-231,Jasa Service AC Profesional Kediri,"Layanan jasa service ac profesional cepat, profesional, dan terpercaya untuk pelanggan di Kediri.",Kediri,081234560231,Hubungi Sekarang
service-kulkas-malang-232,Jasa Service Kulkas Profesional Malang,"Layanan jasa service kulkas profesional cepat, profesional, dan terpercaya untuk pelanggan di Malang.",Malang,081234560232,Hubungi Sekarang
service-mesin-cuci-surabaya-233,Jasa Service Mesin Cuci Surabaya,"Layanan jasa service mesin cuci cepat, profesional, dan terpercaya untuk pelanggan di Surabaya.",Surabaya,081234560233,Hubungi Sekarang
instalasi-listrik-blitar-234,Jasa Instalasi Listrik Blitar,"Layanan jasa instalasi listrik cepat, profesional, dan terpercaya untuk pelanggan di Blitar.",Blitar,081234560234,Hubungi Sekarang
plumbing-tulungagung-235,Jasa Plumbing Profesional Tulungagung,"Layanan jasa plumbing profesional cepat, profesional, dan terpercaya untuk pelanggan di Tulungagung.",Tulungagung,081234560235,Hubungi Sekarang
bengkel-motor-madiun-236,Bengkel Motor Terpercaya Madiun,"Layanan bengkel motor terpercaya cepat, profesional, dan terpercaya untuk pelanggan di Madiun.",Madiun,081234560236,Hubungi Sekarang
cuci-mobil-jombang-237,Jasa Cuci Mobil Jombang,"Layanan jasa cuci mobil cepat, profesional, dan terpercaya untuk pelanggan di Jombang.",Jombang,081234560237,Hubungi Sekarang
cuci-motor-nganjuk-238,Jasa Cuci Motor Nganjuk,"Layanan jasa cuci motor cepat, profesional, dan terpercaya untuk pelanggan di Nganjuk.",Nganjuk,081234560238,Hubungi Sekarang
konveksi-mojokerto-239,Jasa Konveksi Mojokerto,"Layanan jasa konveksi cepat, profesional, dan terpercaya untuk pelanggan di Mojokerto.",Mojokerto,081234560239,Hubungi Sekarang
percetakan-pasuruan-240,Jasa Percetakan Pasuruan,"Layanan jasa percetakan cepat, profesional, dan terpercaya untuk pelanggan di Pasuruan.",Pasuruan,081234560240,Hubungi Sekarang
service-ac-kediri-241,Jasa Service AC Profesional Kediri,"Layanan jasa service ac profesional cepat, profesional, dan terpercaya untuk pelanggan di Kediri.",Kediri,081234560241,Hubungi Sekarang
service-kulkas-malang-242,Jasa Service Kulkas Profesional Malang,"Layanan jasa service kulkas profesional cepat, profesional, dan terpercaya untuk pelanggan di Malang.",Malang,081234560242,Hubungi Sekarang
service-mesin-cuci-surabaya-243,Jasa Service Mesin Cuci Surabaya,"Layanan jasa service mesin cuci cepat, profesional, dan terpercaya untuk pelanggan di Surabaya.",Surabaya,081234560243,Hubungi Sekarang
instalasi-listrik-blitar-244,Jasa Instalasi Listrik Blitar,"Layanan jasa instalasi listrik cepat, profesional, dan terpercaya untuk pelanggan di Blitar.",Blitar,081234560244,Hubungi Sekarang
plumbing-tulungagung-245,Jasa Plumbing Profesional Tulungagung,"Layanan jasa plumbing profesional cepat, profesional, dan terpercaya untuk pelanggan di Tulungagung.",Tulungagung,081234560245,Hubungi Sekarang
bengkel-motor-madiun-246,Bengkel Motor Terpercaya Madiun,"Layanan bengkel motor terpercaya cepat, profesional, dan terpercaya untuk pelanggan di Madiun.",Madiun,081234560246,Hubungi Sekarang
cuci-mobil-jombang-247,Jasa Cuci Mobil Jombang,"Layanan jasa cuci mobil cepat, profesional, dan terpercaya untuk pelanggan di Jombang.",Jombang,081234560247,Hubungi Sekarang
cuci-motor-nganjuk-248,Jasa Cuci Motor Nganjuk,"Layanan jasa cuci motor cepat, profesional, dan terpercaya untuk pelanggan di Nganjuk.",Nganjuk,081234560248,Hubungi Sekarang
konveksi-mojokerto-249,Jasa Konveksi Mojokerto,"Layanan jasa konveksi cepat, profesional, dan terpercaya untuk pelanggan di Mojokerto.",Mojokerto,081234560249,Hubungi Sekarang
percetakan-pasuruan-250,Jasa Percetakan Pasuruan,"Layanan jasa percetakan cepat, profesional, dan terpercaya untuk pelanggan di Pasuruan.",Pasuruan,081234560250,Hubungi Sekarang
service-ac-kediri-251,Jasa Service AC Profesional Kediri,"Layanan jasa service ac profesional cepat, profesional, dan terpercaya untuk pelanggan di Kediri.",Kediri,081234560251,Hubungi Sekarang
service-kulkas-malang-252,Jasa Service Kulkas Profesional Malang,"Layanan jasa service kulkas profesional cepat, profesional, dan terpercaya untuk pelanggan di Malang.",Malang,081234560252,Hubungi Sekarang
service-mesin-cuci-surabaya-253,Jasa Service Mesin Cuci Surabaya,"Layanan jasa service mesin cuci cepat, profesional, dan terpercaya untuk pelanggan di Surabaya.",Surabaya,081234560253,Hubungi Sekarang
instalasi-listrik-blitar-254,Jasa Instalasi Listrik Blitar,"Layanan jasa instalasi listrik cepat, profesional, dan terpercaya untuk pelanggan di Blitar.",Blitar,081234560254,Hubungi Sekarang
plumbing-tulungagung-255,Jasa Plumbing Profesional Tulungagung,"Layanan jasa plumbing profesional cepat, profesional, dan terpercaya untuk pelanggan di Tulungagung.",Tulungagung,081234560255,Hubungi Sekarang
bengkel-motor-madiun-256,Bengkel Motor Terpercaya Madiun,"Layanan bengkel motor terpercaya cepat, profesional, dan terpercaya untuk pelanggan di Madiun.",Madiun,081234560256,Hubungi Sekarang
cuci-mobil-jombang-257,Jasa Cuci Mobil Jombang,"Layanan jasa cuci mobil cepat, profesional, dan terpercaya untuk pelanggan di Jombang.",Jombang,081234560257,Hubungi Sekarang
cuci-motor-nganjuk-258,Jasa Cuci Motor Nganjuk,"Layanan jasa cuci motor cepat, profesional, dan terpercaya untuk pelanggan di Nganjuk.",Nganjuk,081234560258,Hubungi Sekarang
konveksi-mojokerto-259,Jasa Konveksi Mojokerto,"Layanan jasa konveksi cepat, profesional, dan terpercaya untuk pelanggan di Mojokerto.",Mojokerto,081234560259,Hubungi Sekarang
percetakan-pasuruan-260,Jasa Percetakan Pasuruan,"Layanan jasa percetakan cepat, profesional, dan terpercaya untuk pelanggan di Pasuruan.",Pasuruan,081234560260,Hubungi Sekarang
service-ac-kediri-261,Jasa Service AC Profesional Kediri,"Layanan jasa service ac profesional cepat, profesional, dan terpercaya untuk pelanggan di Kediri.",Kediri,081234560261,Hubungi Sekarang
service-kulkas-malang-262,Jasa Service Kulkas Profesional Malang,"Layanan jasa service kulkas profesional cepat, profesional, dan terpercaya untuk pelanggan di Malang.",Malang,081234560262,Hubungi Sekarang
service-mesin-cuci-surabaya-263,Jasa Service Mesin Cuci Surabaya,"Layanan jasa service mesin cuci cepat, profesional, dan terpercaya untuk pelanggan di Surabaya.",Surabaya,081234560263,Hubungi Sekarang
instalasi-listrik-blitar-264,Jasa Instalasi Listrik Blitar,"Layanan jasa instalasi listrik cepat, profesional, dan terpercaya untuk pelanggan di Blitar.",Blitar,081234560264,Hubungi Sekarang
plumbing-tulungagung-265,Jasa Plumbing Profesional Tulungagung,"Layanan jasa plumbing profesional cepat, profesional, dan terpercaya untuk pelanggan di Tulungagung.",Tulungagung,081234560265,Hubungi Sekarang
bengkel-motor-madiun-266,Bengkel Motor Terpercaya Madiun,"Layanan bengkel motor terpercaya cepat, profesional, dan terpercaya untuk pelanggan di Madiun.",Madiun,081234560266,Hubungi Sekarang
cuci-mobil-jombang-267,Jasa Cuci Mobil Jombang,"Layanan jasa cuci mobil cepat, profesional, dan terpercaya untuk pelanggan di Jombang.",Jombang,081234560267,Hubungi Sekarang
cuci-motor-nganjuk-268,Jasa Cuci Motor Nganjuk,"Layanan jasa cuci motor cepat, profesional, dan terpercaya untuk pelanggan di Nganjuk.",Nganjuk,081234560268,Hubungi Sekarang
konveksi-mojokerto-269,Jasa Konveksi Mojokerto,"Layanan jasa konveksi cepat, profesional, dan terpercaya untuk pelanggan di Mojokerto.",Mojokerto,081234560269,Hubungi Sekarang
percetakan-pasuruan-270,Jasa Percetakan Pasuruan,"Layanan jasa percetakan cepat, profesional, dan terpercaya untuk pelanggan di Pasuruan.",Pasuruan,081234560270,Hubungi Sekarang
service-ac-kediri-271,Jasa Service AC Profesional Kediri,"Layanan jasa service ac profesional cepat, profesional, dan terpercaya untuk pelanggan di Kediri.",Kediri,081234560271,Hubungi Sekarang
service-kulkas-malang-272,Jasa Service Kulkas Profesional Malang,"Layanan jasa service kulkas profesional cepat, profesional, dan terpercaya untuk pelanggan di Malang.",Malang,081234560272,Hubungi Sekarang
service-mesin-cuci-surabaya-273,Jasa Service Mesin Cuci Surabaya,"Layanan jasa service mesin cuci cepat, profesional, dan terpercaya untuk pelanggan di Surabaya.",Surabaya,081234560273,Hubungi Sekarang
instalasi-listrik-blitar-274,Jasa Instalasi Listrik Blitar,"Layanan jasa instalasi listrik cepat, profesional, dan terpercaya untuk pelanggan di Blitar.",Blitar,081234560274,Hubungi Sekarang
plumbing-tulungagung-275,Jasa Plumbing Profesional Tulungagung,"Layanan jasa plumbing profesional cepat, profesional, dan terpercaya untuk pelanggan di Tulungagung.",Tulungagung,081234560275,Hubungi Sekarang
bengkel-motor-madiun-276,Bengkel Motor Terpercaya Madiun,"Layanan bengkel motor terpercaya cepat, profesional, dan terpercaya untuk pelanggan di Madiun.",Madiun,081234560276,Hubungi Sekarang
cuci-mobil-jombang-277,Jasa Cuci Mobil Jombang,"Layanan jasa cuci mobil cepat, profesional, dan terpercaya untuk pelanggan di Jombang.",Jombang,081234560277,Hubungi Sekarang
cuci-motor-nganjuk-278,Jasa Cuci Motor Nganjuk,"Layanan jasa cuci motor cepat, profesional, dan terpercaya untuk pelanggan di Nganjuk.",Nganjuk,081234560278,Hubungi Sekarang
konveksi-mojokerto-279,Jasa Konveksi Mojokerto,"Layanan jasa konveksi cepat, profesional, dan terpercaya untuk pelanggan di Mojokerto.",Mojokerto,081234560279,Hubungi Sekarang
percetakan-pasuruan-280,Jasa Percetakan Pasuruan,"Layanan jasa percetakan cepat, profesional, dan terpercaya untuk pelanggan di Pasuruan.",Pasuruan,081234560280,Hubungi Sekarang
service-ac-kediri-281,Jasa Service AC Profesional Kediri,"Layanan jasa service ac profesional cepat, profesional, dan terpercaya untuk pelanggan di Kediri.",Kediri,081234560281,Hubungi Sekarang
service-kulkas-malang-282,Jasa Service Kulkas Profesional Malang,"Layanan jasa service kulkas profesional cepat, profesional, dan terpercaya untuk pelanggan di Malang.",Malang,081234560282,Hubungi Sekarang
service-mesin-cuci-surabaya-283,Jasa Service Mesin Cuci Surabaya,"Layanan jasa service mesin cuci cepat, profesional, dan terpercaya untuk pelanggan di Surabaya.",Surabaya,081234560283,Hubungi Sekarang
instalasi-listrik-blitar-284,Jasa Instalasi Listrik Blitar,"Layanan jasa instalasi listrik cepat, profesional, dan terpercaya untuk pelanggan di Blitar.",Blitar,081234560284,Hubungi Sekarang
plumbing-tulungagung-285,Jasa Plumbing Profesional Tulungagung,"Layanan jasa plumbing profesional cepat, profesional, dan terpercaya untuk pelanggan di Tulungagung.",Tulungagung,081234560285,Hubungi Sekarang
bengkel-motor-madiun-286,Bengkel Motor Terpercaya Madiun,"Layanan bengkel motor terpercaya cepat, profesional, dan terpercaya untuk pelanggan di Madiun.",Madiun,081234560286,Hubungi Sekarang
cuci-mobil-jombang-287,Jasa Cuci Mobil Jombang,"Layanan jasa cuci mobil cepat, profesional, dan terpercaya untuk pelanggan di Jombang.",Jombang,081234560287,Hubungi Sekarang
cuci-motor-nganjuk-288,Jasa Cuci Motor Nganjuk,"Layanan jasa cuci motor cepat, profesional, dan terpercaya untuk pelanggan di Nganjuk.",Nganjuk,081234560288,Hubungi Sekarang
konveksi-mojokerto-289,Jasa Konveksi Mojokerto,"Layanan jasa konveksi cepat, profesional, dan terpercaya untuk pelanggan di Mojokerto.",Mojokerto,081234560289,Hubungi Sekarang
percetakan-pasuruan-290,Jasa Percetakan Pasuruan,"Layanan jasa percetakan cepat, profesional, dan terpercaya untuk pelanggan di Pasuruan.",Pasuruan,081234560290,Hubungi Sekarang
service-ac-kediri-291,Jasa Service AC Profesional Kediri,"Layanan jasa service ac profesional cepat, profesional, dan terpercaya untuk pelanggan di Kediri.",Kediri,081234560291,Hubungi Sekarang
service-kulkas-malang-292,Jasa Service Kulkas Profesional Malang,"Layanan jasa service kulkas profesional cepat, profesional, dan terpercaya untuk pelanggan di Malang.",Malang,081234560292,Hubungi Sekarang
service-mesin-cuci-surabaya-293,Jasa Service Mesin Cuci Surabaya,"Layanan jasa service mesin cuci cepat, profesional, dan terpercaya untuk pelanggan di Surabaya.",Surabaya,081234560293,Hubungi Sekarang
instalasi-listrik-blitar-294,Jasa Instalasi Listrik Blitar,"Layanan jasa instalasi listrik cepat, profesional, dan terpercaya untuk pelanggan di Blitar.",Blitar,081234560294,Hubungi Sekarang
plumbing-tulungagung-295,Jasa Plumbing Profesional Tulungagung,"Layanan jasa plumbing profesional cepat, profesional, dan terpercaya untuk pelanggan di Tulungagung.",Tulungagung,081234560295,Hubungi Sekarang
bengkel-motor-madiun-296,Bengkel Motor Terpercaya Madiun,"Layanan bengkel motor terpercaya cepat, profesional, dan terpercaya untuk pelanggan di Madiun.",Madiun,081234560296,Hubungi Sekarang
cuci-mobil-jombang-297,Jasa Cuci Mobil Jombang,"Layanan jasa cuci mobil cepat, profesional, dan terpercaya untuk pelanggan di Jombang.",Jombang,081234560297,Hubungi Sekarang
cuci-motor-nganjuk-298,Jasa Cuci Motor Nganjuk,"Layanan jasa cuci motor cepat, profesional, dan terpercaya untuk pelanggan di Nganjuk.",Nganjuk,081234560298,Hubungi Sekarang
konveksi-mojokerto-299,Jasa Konveksi Mojokerto,"Layanan jasa konveksi cepat, profesional, dan terpercaya untuk pelanggan di Mojokerto.",Mojokerto,081234560299,Hubungi Sekarang
percetakan-pasuruan-300,Jasa Percetakan Pasuruan,"Layanan jasa percetakan cepat, profesional, dan terpercaya untuk pelanggan di Pasuruan.",Pasuruan,081234560300,Hubungi Sekarang
service-ac-kediri-301,Jasa Service AC Profesional Kediri,"Layanan jasa service ac profesional cepat, profesional, dan terpercaya untuk pelanggan di Kediri.",Kediri,081234560301,Hubungi Sekarang
service-kulkas-malang-302,Jasa Service Kulkas Profesional Malang,"Layanan jasa service kulkas profesional cepat, profesional, dan terpercaya untuk pelanggan di Malang.",Malang,081234560302,Hubungi Sekarang
service-mesin-cuci-surabaya-303,Jasa Service Mesin Cuci Surabaya,"Layanan jasa service mesin cuci cepat, profesional, dan terpercaya untuk pelanggan di Surabaya.",Surabaya,081234560303,Hubungi Sekarang
instalasi-listrik-blitar-304,Jasa Instalasi Listrik Blitar,"Layanan jasa instalasi listrik cepat, profesional, dan terpercaya untuk pelanggan di Blitar.",Blitar,081234560304,Hubungi Sekarang
plumbing-tulungagung-305,Jasa Plumbing Profesional Tulungagung,"Layanan jasa plumbing profesional cepat, profesional, dan terpercaya untuk pelanggan di Tulungagung.",Tulungagung,081234560305,Hubungi Sekarang
bengkel-motor-madiun-306,Bengkel Motor Terpercaya Madiun,"Layanan bengkel motor terpercaya cepat, profesional, dan terpercaya untuk pelanggan di Madiun.",Madiun,081234560306,Hubungi Sekarang
cuci-mobil-jombang-307,Jasa Cuci Mobil Jombang,"Layanan jasa cuci mobil cepat, profesional, dan terpercaya untuk pelanggan di Jombang.",Jombang,081234560307,Hubungi Sekarang
cuci-motor-nganjuk-308,Jasa Cuci Motor Nganjuk,"Layanan jasa cuci motor cepat, profesional, dan terpercaya untuk pelanggan di Nganjuk.",Nganjuk,081234560308,Hubungi Sekarang
konveksi-mojokerto-309,Jasa Konveksi Mojokerto,"Layanan jasa konveksi cepat, profesional, dan terpercaya untuk pelanggan di Mojokerto.",Mojokerto,081234560309,Hubungi Sekarang
percetakan-pasuruan-310,Jasa Percetakan Pasuruan,"Layanan jasa percetakan cepat, profesional, dan terpercaya untuk pelanggan di Pasuruan.",Pasuruan,081234560310,Hubungi Sekarang
service-ac-kediri-311,Jasa Service AC Profesional Kediri,"Layanan jasa service ac profesional cepat, profesional, dan terpercaya untuk pelanggan di Kediri.",Kediri,081234560311,Hubungi Sekarang
service-kulkas-malang-312,Jasa Service Kulkas Profesional Malang,"Layanan jasa service kulkas profesional cepat, profesional, dan terpercaya untuk pelanggan di Malang.",Malang,081234560312,Hubungi Sekarang
service-mesin-cuci-surabaya-313,Jasa Service Mesin Cuci Surabaya,"Layanan jasa service mesin cuci cepat, profesional, dan terpercaya untuk pelanggan di Surabaya.",Surabaya,081234560313,Hubungi Sekarang
instalasi-listrik-blitar-314,Jasa Instalasi Listrik Blitar,"Layanan jasa instalasi listrik cepat, profesional, dan terpercaya untuk pelanggan di Blitar.",Blitar,081234560314,Hubungi Sekarang
plumbing-tulungagung-315,Jasa Plumbing Profesional Tulungagung,"Layanan jasa plumbing profesional cepat, profesional, dan terpercaya untuk pelanggan di Tulungagung.",Tulungagung,081234560315,Hubungi Sekarang
bengkel-motor-madiun-316,Bengkel Motor Terpercaya Madiun,"Layanan bengkel motor terpercaya cepat, profesional, dan terpercaya untuk pelanggan di Madiun.",Madiun,081234560316,Hubungi Sekarang
cuci-mobil-jombang-317,Jasa Cuci Mobil Jombang,"Layanan jasa cuci mobil cepat, profesional, dan terpercaya untuk pelanggan di Jombang.",Jombang,081234560317,Hubungi Sekarang
cuci-motor-nganjuk-318,Jasa Cuci Motor Nganjuk,"Layanan jasa cuci motor cepat, profesional, dan terpercaya untuk pelanggan di Nganjuk.",Nganjuk,081234560318,Hubungi Sekarang
konveksi-mojokerto-319,Jasa Konveksi Mojokerto,"Layanan jasa konveksi cepat, profesional, dan terpercaya untuk pelanggan di Mojokerto.",Mojokerto,081234560319,Hubungi Sekarang
percetakan-pasuruan-320,Jasa Percetakan Pasuruan,"Layanan jasa percetakan cepat, profesional, dan terpercaya untuk pelanggan di Pasuruan.",Pasuruan,081234560320,Hubungi Sekarang
service-ac-kediri-321,Jasa Service AC Profesional Kediri,"Layanan jasa service ac profesional cepat, profesional, dan terpercaya untuk pelanggan di Kediri.",Kediri,081234560321,Hubungi Sekarang
service-kulkas-malang-322,Jasa Service Kulkas Profesional Malang,"Layanan jasa service kulkas profesional cepat, profesional, dan terpercaya untuk pelanggan di Malang.",Malang,081234560322,Hubungi Sekarang
service-mesin-cuci-surabaya-323,Jasa Service Mesin Cuci Surabaya,"Layanan jasa service mesin cuci cepat, profesional, dan terpercaya untuk pelanggan di Surabaya.",Surabaya,081234560323,Hubungi Sekarang
instalasi-listrik-blitar-324,Jasa Instalasi Listrik Blitar,"Layanan jasa instalasi listrik cepat, profesional, dan terpercaya untuk pelanggan di Blitar.",Blitar,081234560324,Hubungi Sekarang
plumbing-tulungagung-325,Jasa Plumbing Profesional Tulungagung,"Layanan jasa plumbing profesional cepat, profesional, dan terpercaya untuk pelanggan di Tulungagung.",Tulungagung,081234560325,Hubungi Sekarang
bengkel-motor-madiun-326,Bengkel Motor Terpercaya Madiun,"Layanan bengkel motor terpercaya cepat, profesional, dan terpercaya untuk pelanggan di Madiun.",Madiun,081234560326,Hubungi Sekarang
cuci-mobil-jombang-327,Jasa Cuci Mobil Jombang,"Layanan jasa cuci mobil cepat, profesional, dan terpercaya untuk pelanggan di Jombang.",Jombang,081234560327,Hubungi Sekarang
cuci-motor-nganjuk-328,Jasa Cuci Motor Nganjuk,"Layanan jasa cuci motor cepat, profesional, dan terpercaya untuk pelanggan di Nganjuk.",Nganjuk,081234560328,Hubungi Sekarang
konveksi-mojokerto-329,Jasa Konveksi Mojokerto,"Layanan jasa konveksi cepat, profesional, dan terpercaya untuk pelanggan di Mojokerto.",Mojokerto,081234560329,Hubungi Sekarang
percetakan-pasuruan-330,Jasa Percetakan Pasuruan,"Layanan jasa percetakan cepat, profesional, dan terpercaya untuk pelanggan di Pasuruan.",Pasuruan,081234560330,Hubungi Sekarang
service-ac-kediri-331,Jasa Service AC Profesional Kediri,"Layanan jasa service ac profesional cepat, profesional, dan terpercaya untuk pelanggan di Kediri.",Kediri,081234560331,Hubungi Sekarang
service-kulkas-malang-332,Jasa Service Kulkas Profesional Malang,"Layanan jasa service kulkas profesional cepat, profesional, dan terpercaya untuk pelanggan di Malang.",Malang,081234560332,Hubungi Sekarang
service-mesin-cuci-surabaya-333,Jasa Service Mesin Cuci Surabaya,"Layanan jasa service mesin cuci cepat, profesional, dan terpercaya untuk pelanggan di Surabaya.",Surabaya,081234560333,Hubungi Sekarang
instalasi-listrik-blitar-334,Jasa Instalasi Listrik Blitar,"Layanan jasa instalasi listrik cepat, profesional, dan terpercaya untuk pelanggan di Blitar.",Blitar,081234560334,Hubungi Sekarang
plumbing-tulungagung-335,Jasa Plumbing Profesional Tulungagung,"Layanan jasa plumbing profesional cepat, profesional, dan terpercaya untuk pelanggan di Tulungagung.",Tulungagung,081234560335,Hubungi Sekarang
bengkel-motor-madiun-336,Bengkel Motor Terpercaya Madiun,"Layanan bengkel motor terpercaya cepat, profesional, dan terpercaya untuk pelanggan di Madiun.",Madiun,081234560336,Hubungi Sekarang
cuci-mobil-jombang-337,Jasa Cuci Mobil Jombang,"Layanan jasa cuci mobil cepat, profesional, dan terpercaya untuk pelanggan di Jombang.",Jombang,081234560337,Hubungi Sekarang
cuci-motor-nganjuk-338,Jasa Cuci Motor Nganjuk,"Layanan jasa cuci motor cepat, profesional, dan terpercaya untuk pelanggan di Nganjuk.",Nganjuk,081234560338,Hubungi Sekarang
konveksi-mojokerto-339,Jasa Konveksi Mojokerto,"Layanan jasa konveksi cepat, profesional, dan terpercaya untuk pelanggan di Mojokerto.",Mojokerto,081234560339,Hubungi Sekarang
percetakan-pasuruan-340,Jasa Percetakan Pasuruan,"Layanan jasa percetakan cepat, profesional, dan terpercaya untuk pelanggan di Pasuruan.",Pasuruan,081234560340,Hubungi Sekarang
service-ac-kediri-341,Jasa Service AC Profesional Kediri,"Layanan jasa service ac profesional cepat, profesional, dan terpercaya untuk pelanggan di Kediri.",Kediri,081234560341,Hubungi Sekarang
service-kulkas-malang-342,Jasa Service Kulkas Profesional Malang,"Layanan jasa service kulkas profesional cepat, profesional, dan terpercaya untuk pelanggan di Malang.",Malang,081234560342,Hubungi Sekarang
service-mesin-cuci-surabaya-343,Jasa Service Mesin Cuci Surabaya,"Layanan jasa service mesin cuci cepat, profesional, dan terpercaya untuk pelanggan di Surabaya.",Surabaya,081234560343,Hubungi Sekarang
instalasi-listrik-blitar-344,Jasa Instalasi Listrik Blitar,"Layanan jasa instalasi listrik cepat, profesional, dan terpercaya untuk pelanggan di Blitar.",Blitar,081234560344,Hubungi Sekarang
plumbing-tulungagung-345,Jasa Plumbing Profesional Tulungagung,"Layanan jasa plumbing profesional cepat, profesional, dan terpercaya untuk pelanggan di Tulungagung.",Tulungagung,081234560345,Hubungi Sekarang
bengkel-motor-madiun-346,Bengkel Motor Terpercaya Madiun,"Layanan bengkel motor terpercaya cepat, profesional, dan terpercaya untuk pelanggan di Madiun.",Madiun,081234560346,Hubungi Sekarang
cuci-mobil-jombang-347,Jasa Cuci Mobil Jombang,"Layanan jasa cuci mobil cepat, profesional, dan terpercaya untuk pelanggan di Jombang.",Jombang,081234560347,Hubungi Sekarang
cuci-motor-nganjuk-348,Jasa Cuci Motor Nganjuk,"Layanan jasa cuci motor cepat, profesional, dan terpercaya untuk pelanggan di Nganjuk.",Nganjuk,081234560348,Hubungi Sekarang
konveksi-mojokerto-349,Jasa Konveksi Mojokerto,"Layanan jasa konveksi cepat, profesional, dan terpercaya untuk pelanggan di Mojokerto.",Mojokerto,081234560349,Hubungi Sekarang
percetakan-pasuruan-350,Jasa Percetakan Pasuruan,"Layanan jasa percetakan cepat, profesional, dan terpercaya untuk pelanggan di Pasuruan.",Pasuruan,081234560350,Hubungi Sekarang
service-ac-kediri-351,Jasa Service AC Profesional Kediri,"Layanan jasa service ac profesional cepat, profesional, dan terpercaya untuk pelanggan di Kediri.",Kediri,081234560351,Hubungi Sekarang
service-kulkas-malang-352,Jasa Service Kulkas Profesional Malang,"Layanan jasa service kulkas profesional cepat, profesional, dan terpercaya untuk pelanggan di Malang.",Malang,081234560352,Hubungi Sekarang
service-mesin-cuci-surabaya-353,Jasa Service Mesin Cuci Surabaya,"Layanan jasa service mesin cuci cepat, profesional, dan terpercaya untuk pelanggan di Surabaya.",Surabaya,081234560353,Hubungi Sekarang
instalasi-listrik-blitar-354,Jasa Instalasi Listrik Blitar,"Layanan jasa instalasi listrik cepat, profesional, dan terpercaya untuk pelanggan di Blitar.",Blitar,081234560354,Hubungi Sekarang
plumbing-tulungagung-355,Jasa Plumbing Profesional Tulungagung,"Layanan jasa plumbing profesional cepat, profesional, dan terpercaya untuk pelanggan di Tulungagung.",Tulungagung,081234560355,Hubungi Sekarang
bengkel-motor-madiun-356,Bengkel Motor Terpercaya Madiun,"Layanan bengkel motor terpercaya cepat, profesional, dan terpercaya untuk pelanggan di Madiun.",Madiun,081234560356,Hubungi Sekarang
cuci-mobil-jombang-357,Jasa Cuci Mobil Jombang,"Layanan jasa cuci mobil cepat, profesional, dan terpercaya untuk pelanggan di Jombang.",Jombang,081234560357,Hubungi Sekarang
cuci-motor-nganjuk-358,Jasa Cuci Motor Nganjuk,"Layanan jasa cuci motor cepat, profesional, dan terpercaya untuk pelanggan di Nganjuk.",Nganjuk,081234560358,Hubungi Sekarang
konveksi-mojokerto-359,Jasa Konveksi Mojokerto,"Layanan jasa konveksi cepat, profesional, dan terpercaya untuk pelanggan di Mojokerto.",Mojokerto,081234560359,Hubungi Sekarang
percetakan-pasuruan-360,Jasa Percetakan Pasuruan,"Layanan jasa percetakan cepat, profesional, dan terpercaya untuk pelanggan di Pasuruan.",Pasuruan,081234560360,Hubungi Sekarang
service-ac-kediri-361,Jasa Service AC Profesional Kediri,"Layanan jasa service ac profesional cepat, profesional, dan terpercaya untuk pelanggan di Kediri.",Kediri,081234560361,Hubungi Sekarang
service-kulkas-malang-362,Jasa Service Kulkas Profesional Malang,"Layanan jasa service kulkas profesional cepat, profesional, dan terpercaya untuk pelanggan di Malang.",Malang,081234560362,Hubungi Sekarang
service-mesin-cuci-surabaya-363,Jasa Service Mesin Cuci Surabaya,"Layanan jasa service mesin cuci cepat, profesional, dan terpercaya untuk pelanggan di Surabaya.",Surabaya,081234560363,Hubungi Sekarang
instalasi-listrik-blitar-364,Jasa Instalasi Listrik Blitar,"Layanan jasa instalasi listrik cepat, profesional, dan terpercaya untuk pelanggan di Blitar.",Blitar,081234560364,Hubungi Sekarang
plumbing-tulungagung-365,Jasa Plumbing Profesional Tulungagung,"Layanan jasa plumbing profesional cepat, profesional, dan terpercaya untuk pelanggan di Tulungagung.",Tulungagung,081234560365,Hubungi Sekarang
bengkel-motor-madiun-366,Bengkel Motor Terpercaya Madiun,"Layanan bengkel motor terpercaya cepat, profesional, dan terpercaya untuk pelanggan di Madiun.",Madiun,081234560366,Hubungi Sekarang
cuci-mobil-jombang-367,Jasa Cuci Mobil Jombang,"Layanan jasa cuci mobil cepat, profesional, dan terpercaya untuk pelanggan di Jombang.",Jombang,081234560367,Hubungi Sekarang
cuci-motor-nganjuk-368,Jasa Cuci Motor Nganjuk,"Layanan jasa cuci motor cepat, profesional, dan terpercaya untuk pelanggan di Nganjuk.",Nganjuk,081234560368,Hubungi Sekarang
konveksi-mojokerto-369,Jasa Konveksi Mojokerto,"Layanan jasa konveksi cepat, profesional, dan terpercaya untuk pelanggan di Mojokerto.",Mojokerto,081234560369,Hubungi Sekarang
percetakan-pasuruan-370,Jasa Percetakan Pasuruan,"Layanan jasa percetakan cepat, profesional, dan terpercaya untuk pelanggan di Pasuruan.",Pasuruan,081234560370,Hubungi Sekarang
service-ac-kediri-371,Jasa Service AC Profesional Kediri,"Layanan jasa service ac profesional cepat, profesional, dan terpercaya untuk pelanggan di Kediri.",Kediri,081234560371,Hubungi Sekarang
service-kulkas-malang-372,Jasa Service Kulkas Profesional Malang,"Layanan jasa service kulkas profesional cepat, profesional, dan terpercaya untuk pelanggan di Malang.",Malang,081234560372,Hubungi Sekarang
service-mesin-cuci-surabaya-373,Jasa Service Mesin Cuci Surabaya,"Layanan jasa service mesin cuci cepat, profesional, dan terpercaya untuk pelanggan di Surabaya.",Surabaya,081234560373,Hubungi Sekarang
instalasi-listrik-blitar-374,Jasa Instalasi Listrik Blitar,"Layanan jasa instalasi listrik cepat, profesional, dan terpercaya untuk pelanggan di Blitar.",Blitar,081234560374,Hubungi Sekarang
plumbing-tulungagung-375,Jasa Plumbing Profesional Tulungagung,"Layanan jasa plumbing profesional cepat, profesional, dan terpercaya untuk pelanggan di Tulungagung.",Tulungagung,081234560375,Hubungi Sekarang
bengkel-motor-madiun-376,Bengkel Motor Terpercaya Madiun,"Layanan bengkel motor terpercaya cepat, profesional, dan terpercaya untuk pelanggan di Madiun.",Madiun,081234560376,Hubungi Sekarang
cuci-mobil-jombang-377,Jasa Cuci Mobil Jombang,"Layanan jasa cuci mobil cepat, profesional, dan terpercaya untuk pelanggan di Jombang.",Jombang,081234560377,Hubungi Sekarang
cuci-motor-nganjuk-378,Jasa Cuci Motor Nganjuk,"Layanan jasa cuci motor cepat, profesional, dan terpercaya untuk pelanggan di Nganjuk.",Nganjuk,081234560378,Hubungi Sekarang
konveksi-mojokerto-379,Jasa Konveksi Mojokerto,"Layanan jasa konveksi cepat, profesional, dan terpercaya untuk pelanggan di Mojokerto.",Mojokerto,081234560379,Hubungi Sekarang
percetakan-pasuruan-380,Jasa Percetakan Pasuruan,"Layanan jasa percetakan cepat, profesional, dan terpercaya untuk pelanggan di Pasuruan.",Pasuruan,081234560380,Hubungi Sekarang
service-ac-kediri-381,Jasa Service AC Profesional Kediri,"Layanan jasa service ac profesional cepat, profesional, dan terpercaya untuk pelanggan di Kediri.",Kediri,081234560381,Hubungi Sekarang
service-kulkas-malang-382,Jasa Service Kulkas Profesional Malang,"Layanan jasa service kulkas profesional cepat, profesional, dan terpercaya untuk pelanggan di Malang.",Malang,081234560382,Hubungi Sekarang
service-mesin-cuci-surabaya-383,Jasa Service Mesin Cuci Surabaya,"Layanan jasa service mesin cuci cepat, profesional, dan terpercaya untuk pelanggan di Surabaya.",Surabaya,081234560383,Hubungi Sekarang
instalasi-listrik-blitar-384,Jasa Instalasi Listrik Blitar,"Layanan jasa instalasi listrik cepat, profesional, dan terpercaya untuk pelanggan di Blitar.",Blitar,081234560384,Hubungi Sekarang
plumbing-tulungagung-385,Jasa Plumbing Profesional Tulungagung,"Layanan jasa plumbing profesional cepat, profesional, dan terpercaya untuk pelanggan di Tulungagung.",Tulungagung,081234560385,Hubungi Sekarang
bengkel-motor-madiun-386,Bengkel Motor Terpercaya Madiun,"Layanan bengkel motor terpercaya cepat, profesional, dan terpercaya untuk pelanggan di Madiun.",Madiun,081234560386,Hubungi Sekarang
cuci-mobil-jombang-387,Jasa Cuci Mobil Jombang,"Layanan jasa cuci mobil cepat, profesional, dan terpercaya untuk pelanggan di Jombang.",Jombang,081234560387,Hubungi Sekarang
cuci-motor-nganjuk-388,Jasa Cuci Motor Nganjuk,"Layanan jasa cuci motor cepat, profesional, dan terpercaya untuk pelanggan di Nganjuk.",Nganjuk,081234560388,Hubungi Sekarang
konveksi-mojokerto-389,Jasa Konveksi Mojokerto,"Layanan jasa konveksi cepat, profesional, dan terpercaya untuk pelanggan di Mojokerto.",Mojokerto,081234560389,Hubungi Sekarang
percetakan-pasuruan-390,Jasa Percetakan Pasuruan,"Layanan jasa percetakan cepat, profesional, dan terpercaya untuk pelanggan di Pasuruan.",Pasuruan,081234560390,Hubungi Sekarang
service-ac-kediri-391,Jasa Service AC Profesional Kediri,"Layanan jasa service ac profesional cepat, profesional, dan terpercaya untuk pelanggan di Kediri.",Kediri,081234560391,Hubungi Sekarang
service-kulkas-malang-392,Jasa Service Kulkas Profesional Malang,"Layanan jasa service kulkas profesional cepat, profesional, dan terpercaya untuk pelanggan di Malang.",Malang,081234560392,Hubungi Sekarang
service-mesin-cuci-surabaya-393,Jasa Service Mesin Cuci Surabaya,"Layanan jasa service mesin cuci cepat, profesional, dan terpercaya untuk pelanggan di Surabaya.",Surabaya,081234560393,Hubungi Sekarang
instalasi-listrik-blitar-394,Jasa Instalasi Listrik Blitar,"Layanan jasa instalasi listrik cepat, profesional, dan terpercaya untuk pelanggan di Blitar.",Blitar,081234560394,Hubungi Sekarang
plumbing-tulungagung-395,Jasa Plumbing Profesional Tulungagung,"Layanan jasa plumbing profesional cepat, profesional, dan terpercaya untuk pelanggan di Tulungagung.",Tulungagung,081234560395,Hubungi Sekarang
bengkel-motor-madiun-396,Bengkel Motor Terpercaya Madiun,"Layanan bengkel motor terpercaya cepat, profesional, dan terpercaya untuk pelanggan di Madiun.",Madiun,081234560396,Hubungi Sekarang
cuci-mobil-jombang-397,Jasa Cuci Mobil Jombang,"Layanan jasa cuci mobil cepat, profesional, dan terpercaya untuk pelanggan di Jombang.",Jombang,081234560397,Hubungi Sekarang
cuci-motor-nganjuk-398,Jasa Cuci Motor Nganjuk,"Layanan jasa cuci motor cepat, profesional, dan terpercaya untuk pelanggan di Nganjuk.",Nganjuk,081234560398,Hubungi Sekarang
konveksi-mojokerto-399,Jasa Konveksi Mojokerto,"Layanan jasa konveksi cepat, profesional, dan terpercaya untuk pelanggan di Mojokerto.",Mojokerto,081234560399,Hubungi Sekarang
percetakan-pasuruan-400,Jasa Percetakan Pasuruan,"Layanan jasa percetakan cepat, profesional, dan terpercaya untuk pelanggan di Pasuruan.",Pasuruan,081234560400,Hubungi Sekarang
service-ac-kediri-401,Jasa Service AC Profesional Kediri,"Layanan jasa service ac profesional cepat, profesional, dan terpercaya untuk pelanggan di Kediri.",Kediri,081234560401,Hubungi Sekarang
service-kulkas-malang-402,Jasa Service Kulkas Profesional Malang,"Layanan jasa service kulkas profesional cepat, profesional, dan terpercaya untuk pelanggan di Malang.",Malang,081234560402,Hubungi Sekarang
service-mesin-cuci-surabaya-403,Jasa Service Mesin Cuci Surabaya,"Layanan jasa service mesin cuci cepat, profesional, dan terpercaya untuk pelanggan di Surabaya.",Surabaya,081234560403,Hubungi Sekarang
instalasi-listrik-blitar-404,Jasa Instalasi Listrik Blitar,"Layanan jasa instalasi listrik cepat, profesional, dan terpercaya untuk pelanggan di Blitar.",Blitar,081234560404,Hubungi Sekarang
plumbing-tulungagung-405,Jasa Plumbing Profesional Tulungagung,"Layanan jasa plumbing profesional cepat, profesional, dan terpercaya untuk pelanggan di Tulungagung.",Tulungagung,081234560405,Hubungi Sekarang
bengkel-motor-madiun-406,Bengkel Motor Terpercaya Madiun,"Layanan bengkel motor terpercaya cepat, profesional, dan terpercaya untuk pelanggan di Madiun.",Madiun,081234560406,Hubungi Sekarang
cuci-mobil-jombang-407,Jasa Cuci Mobil Jombang,"Layanan jasa cuci mobil cepat, profesional, dan terpercaya untuk pelanggan di Jombang.",Jombang,081234560407,Hubungi Sekarang
cuci-motor-nganjuk-408,Jasa Cuci Motor Nganjuk,"Layanan jasa cuci motor cepat, profesional, dan terpercaya untuk pelanggan di Nganjuk.",Nganjuk,081234560408,Hubungi Sekarang
konveksi-mojokerto-409,Jasa Konveksi Mojokerto,"Layanan jasa konveksi cepat, profesional, dan terpercaya untuk pelanggan di Mojokerto.",Mojokerto,081234560409,Hubungi Sekarang
percetakan-pasuruan-410,Jasa Percetakan Pasuruan,"Layanan jasa percetakan cepat, profesional, dan terpercaya untuk pelanggan di Pasuruan.",Pasuruan,081234560410,Hubungi Sekarang
service-ac-kediri-411,Jasa Service AC Profesional Kediri,"Layanan jasa service ac profesional cepat, profesional, dan terpercaya untuk pelanggan di Kediri.",Kediri,081234560411,Hubungi Sekarang
service-kulkas-malang-412,Jasa Service Kulkas Profesional Malang,"Layanan jasa service kulkas profesional cepat, profesional, dan terpercaya untuk pelanggan di Malang.",Malang,081234560412,Hubungi Sekarang
service-mesin-cuci-surabaya-413,Jasa Service Mesin Cuci Surabaya,"Layanan jasa service mesin cuci cepat, profesional, dan terpercaya untuk pelanggan di Surabaya.",Surabaya,081234560413,Hubungi Sekarang
instalasi-listrik-blitar-414,Jasa Instalasi Listrik Blitar,"Layanan jasa instalasi listrik cepat, profesional, dan terpercaya untuk pelanggan di Blitar.",Blitar,081234560414,Hubungi Sekarang
plumbing-tulungagung-415,Jasa Plumbing Profesional Tulungagung,"Layanan jasa plumbing profesional cepat, profesional, dan terpercaya untuk pelanggan di Tulungagung.",Tulungagung,081234560415,Hubungi Sekarang
bengkel-motor-madiun-416,Bengkel Motor Terpercaya Madiun,"Layanan bengkel motor terpercaya cepat, profesional, dan terpercaya untuk pelanggan di Madiun.",Madiun,081234560416,Hubungi Sekarang
cuci-mobil-jombang-417,Jasa Cuci Mobil Jombang,"Layanan jasa cuci mobil cepat, profesional, dan terpercaya untuk pelanggan di Jombang.",Jombang,081234560417,Hubungi Sekarang
cuci-motor-nganjuk-418,Jasa Cuci Motor Nganjuk,"Layanan jasa cuci motor cepat, profesional, dan terpercaya untuk pelanggan di Nganjuk.",Nganjuk,081234560418,Hubungi Sekarang
konveksi-mojokerto-419,Jasa Konveksi Mojokerto,"Layanan jasa konveksi cepat, profesional, dan terpercaya untuk pelanggan di Mojokerto.",Mojokerto,081234560419,Hubungi Sekarang
percetakan-pasuruan-420,Jasa Percetakan Pasuruan,"Layanan jasa percetakan cepat, profesional, dan terpercaya untuk pelanggan di Pasuruan.",Pasuruan,081234560420,Hubungi Sekarang
service-ac-kediri-421,Jasa Service AC Profesional Kediri,"Layanan jasa service ac profesional cepat, profesional, dan terpercaya untuk pelanggan di Kediri.",Kediri,081234560421,Hubungi Sekarang
service-kulkas-malang-422,Jasa Service Kulkas Profesional Malang,"Layanan jasa service kulkas profesional cepat, profesional, dan terpercaya untuk pelanggan di Malang.",Malang,081234560422,Hubungi Sekarang
service-mesin-cuci-surabaya-423,Jasa Service Mesin Cuci Surabaya,"Layanan jasa service mesin cuci cepat, profesional, dan terpercaya untuk pelanggan di Surabaya.",Surabaya,081234560423,Hubungi Sekarang
instalasi-listrik-blitar-424,Jasa Instalasi Listrik Blitar,"Layanan jasa instalasi listrik cepat, profesional, dan terpercaya untuk pelanggan di Blitar.",Blitar,081234560424,Hubungi Sekarang
plumbing-tulungagung-425,Jasa Plumbing Profesional Tulungagung,"Layanan jasa plumbing profesional cepat, profesional, dan terpercaya untuk pelanggan di Tulungagung.",Tulungagung,081234560425,Hubungi Sekarang
bengkel-motor-madiun-426,Bengkel Motor Terpercaya Madiun,"Layanan bengkel motor terpercaya cepat, profesional, dan terpercaya untuk pelanggan di Madiun.",Madiun,081234560426,Hubungi Sekarang
cuci-mobil-jombang-427,Jasa Cuci Mobil Jombang,"Layanan jasa cuci mobil cepat, profesional, dan terpercaya untuk pelanggan di Jombang.",Jombang,081234560427,Hubungi Sekarang
cuci-motor-nganjuk-428,Jasa Cuci Motor Nganjuk,"Layanan jasa cuci motor cepat, profesional, dan terpercaya untuk pelanggan di Nganjuk.",Nganjuk,081234560428,Hubungi Sekarang
konveksi-mojokerto-429,Jasa Konveksi Mojokerto,"Layanan jasa konveksi cepat, profesional, dan terpercaya untuk pelanggan di Mojokerto.",Mojokerto,081234560429,Hubungi Sekarang
percetakan-pasuruan-430,Jasa Percetakan Pasuruan,"Layanan jasa percetakan cepat, profesional, dan terpercaya untuk pelanggan di Pasuruan.",Pasuruan,081234560430,Hubungi Sekarang
service-ac-kediri-431,Jasa Service AC Profesional Kediri,"Layanan jasa service ac profesional cepat, profesional, dan terpercaya untuk pelanggan di Kediri.",Kediri,081234560431,Hubungi Sekarang
service-kulkas-malang-432,Jasa Service Kulkas Profesional Malang,"Layanan jasa service kulkas profesional cepat, profesional, dan terpercaya untuk pelanggan di Malang.",Malang,081234560432,Hubungi Sekarang
service-mesin-cuci-surabaya-433,Jasa Service Mesin Cuci Surabaya,"Layanan jasa service mesin cuci cepat, profesional, dan terpercaya untuk pelanggan di Surabaya.",Surabaya,081234560433,Hubungi Sekarang
instalasi-listrik-blitar-434,Jasa Instalasi Listrik Blitar,"Layanan jasa instalasi listrik cepat, profesional, dan terpercaya untuk pelanggan di Blitar.",Blitar,081234560434,Hubungi Sekarang
plumbing-tulungagung-435,Jasa Plumbing Profesional Tulungagung,"Layanan jasa plumbing profesional cepat, profesional, dan terpercaya untuk pelanggan di Tulungagung.",Tulungagung,081234560435,Hubungi Sekarang
bengkel-motor-madiun-436,Bengkel Motor Terpercaya Madiun,"Layanan bengkel motor terpercaya cepat, profesional, dan terpercaya untuk pelanggan di Madiun.",Madiun,081234560436,Hubungi Sekarang
cuci-mobil-jombang-437,Jasa Cuci Mobil Jombang,"Layanan jasa cuci mobil cepat, profesional, dan terpercaya untuk pelanggan di Jombang.",Jombang,081234560437,Hubungi Sekarang
cuci-motor-nganjuk-438,Jasa Cuci Motor Nganjuk,"Layanan jasa cuci motor cepat, profesional, dan terpercaya untuk pelanggan di Nganjuk.",Nganjuk,081234560438,Hubungi Sekarang
konveksi-mojokerto-439,Jasa Konveksi Mojokerto,"Layanan jasa konveksi cepat, profesional, dan terpercaya untuk pelanggan di Mojokerto.",Mojokerto,081234560439,Hubungi Sekarang
percetakan-pasuruan-440,Jasa Percetakan Pasuruan,"Layanan jasa percetakan cepat, profesional, dan terpercaya untuk pelanggan di Pasuruan.",Pasuruan,081234560440,Hubungi Sekarang
service-ac-kediri-441,Jasa Service AC Profesional Kediri,"Layanan jasa service ac profesional cepat, profesional, dan terpercaya untuk pelanggan di Kediri.",Kediri,081234560441,Hubungi Sekarang
service-kulkas-malang-442,Jasa Service Kulkas Profesional Malang,"Layanan jasa service kulkas profesional cepat, profesional, dan terpercaya untuk pelanggan di Malang.",Malang,081234560442,Hubungi Sekarang
service-mesin-cuci-surabaya-443,Jasa Service Mesin Cuci Surabaya,"Layanan jasa service mesin cuci cepat, profesional, dan terpercaya untuk pelanggan di Surabaya.",Surabaya,081234560443,Hubungi Sekarang
instalasi-listrik-blitar-444,Jasa Instalasi Listrik Blitar,"Layanan jasa instalasi listrik cepat, profesional, dan terpercaya untuk pelanggan di Blitar.",Blitar,081234560444,Hubungi Sekarang
plumbing-tulungagung-445,Jasa Plumbing Profesional Tulungagung,"Layanan jasa plumbing profesional cepat, profesional, dan terpercaya untuk pelanggan di Tulungagung.",Tulungagung,081234560445,Hubungi Sekarang
bengkel-motor-madiun-446,Bengkel Motor Terpercaya Madiun,"Layanan bengkel motor terpercaya cepat, profesional, dan terpercaya untuk pelanggan di Madiun.",Madiun,081234560446,Hubungi Sekarang
cuci-mobil-jombang-447,Jasa Cuci Mobil Jombang,"Layanan jasa cuci mobil cepat, profesional, dan terpercaya untuk pelanggan di Jombang.",Jombang,081234560447,Hubungi Sekarang
cuci-motor-nganjuk-448,Jasa Cuci Motor Nganjuk,"Layanan jasa cuci motor cepat, profesional, dan terpercaya untuk pelanggan di Nganjuk.",Nganjuk,081234560448,Hubungi Sekarang
konveksi-mojokerto-449,Jasa Konveksi Mojokerto,"Layanan jasa konveksi cepat, profesional, dan terpercaya untuk pelanggan di Mojokerto.",Mojokerto,081234560449,Hubungi Sekarang
percetakan-pasuruan-450,Jasa Percetakan Pasuruan,"Layanan jasa percetakan cepat, profesional, dan terpercaya untuk pelanggan di Pasuruan.",Pasuruan,081234560450,Hubungi Sekarang
service-ac-kediri-451,Jasa Service AC Profesional Kediri,"Layanan jasa service ac profesional cepat, profesional, dan terpercaya untuk pelanggan di Kediri.",Kediri,081234560451,Hubungi Sekarang
service-kulkas-malang-452,Jasa Service Kulkas Profesional Malang,"Layanan jasa service kulkas profesional cepat, profesional, dan terpercaya untuk pelanggan di Malang.",Malang,081234560452,Hubungi Sekarang
service-mesin-cuci-surabaya-453,Jasa Service Mesin Cuci Surabaya,"Layanan jasa service mesin cuci cepat, profesional, dan terpercaya untuk pelanggan di Surabaya.",Surabaya,081234560453,Hubungi Sekarang
instalasi-listrik-blitar-454,Jasa Instalasi Listrik Blitar,"Layanan jasa instalasi listrik cepat, profesional, dan terpercaya untuk pelanggan di Blitar.",Blitar,081234560454,Hubungi Sekarang
plumbing-tulungagung-455,Jasa Plumbing Profesional Tulungagung,"Layanan jasa plumbing profesional cepat, profesional, dan terpercaya untuk pelanggan di Tulungagung.",Tulungagung,081234560455,Hubungi Sekarang
bengkel-motor-madiun-456,Bengkel Motor Terpercaya Madiun,"Layanan bengkel motor terpercaya cepat, profesional, dan terpercaya untuk pelanggan di Madiun.",Madiun,081234560456,Hubungi Sekarang
cuci-mobil-jombang-457,Jasa Cuci Mobil Jombang,"Layanan jasa cuci mobil cepat, profesional, dan terpercaya untuk pelanggan di Jombang.",Jombang,081234560457,Hubungi Sekarang
cuci-motor-nganjuk-458,Jasa Cuci Motor Nganjuk,"Layanan jasa cuci motor cepat, profesional, dan terpercaya untuk pelanggan di Nganjuk.",Nganjuk,081234560458,Hubungi Sekarang
konveksi-mojokerto-459,Jasa Konveksi Mojokerto,"Layanan jasa konveksi cepat, profesional, dan terpercaya untuk pelanggan di Mojokerto.",Mojokerto,081234560459,Hubungi Sekarang
percetakan-pasuruan-460,Jasa Percetakan Pasuruan,"Layanan jasa percetakan cepat, profesional, dan terpercaya untuk pelanggan di Pasuruan.",Pasuruan,081234560460,Hubungi Sekarang
service-ac-kediri-461,Jasa Service AC Profesional Kediri,"Layanan jasa service ac profesional cepat, profesional, dan terpercaya untuk pelanggan di Kediri.",Kediri,081234560461,Hubungi Sekarang
service-kulkas-malang-462,Jasa Service Kulkas Profesional Malang,"Layanan jasa service kulkas profesional cepat, profesional, dan terpercaya untuk pelanggan di Malang.",Malang,081234560462,Hubungi Sekarang
service-mesin-cuci-surabaya-463,Jasa Service Mesin Cuci Surabaya,"Layanan jasa service mesin cuci cepat, profesional, dan terpercaya untuk pelanggan di Surabaya.",Surabaya,081234560463,Hubungi Sekarang
instalasi-listrik-blitar-464,Jasa Instalasi Listrik Blitar,"Layanan jasa instalasi listrik cepat, profesional, dan terpercaya untuk pelanggan di Blitar.",Blitar,081234560464,Hubungi Sekarang
plumbing-tulungagung-465,Jasa Plumbing Profesional Tulungagung,"Layanan jasa plumbing profesional cepat, profesional, dan terpercaya untuk pelanggan di Tulungagung.",Tulungagung,081234560465,Hubungi Sekarang
bengkel-motor-madiun-466,Bengkel Motor Terpercaya Madiun,"Layanan bengkel motor terpercaya cepat, profesional, dan terpercaya untuk pelanggan di Madiun.",Madiun,081234560466,Hubungi Sekarang
cuci-mobil-jombang-467,Jasa Cuci Mobil Jombang,"Layanan jasa cuci mobil cepat, profesional, dan terpercaya untuk pelanggan di Jombang.",Jombang,081234560467,Hubungi Sekarang
cuci-motor-nganjuk-468,Jasa Cuci Motor Nganjuk,"Layanan jasa cuci motor cepat, profesional, dan terpercaya untuk pelanggan di Nganjuk.",Nganjuk,081234560468,Hubungi Sekarang
konveksi-mojokerto-469,Jasa Konveksi Mojokerto,"Layanan jasa konveksi cepat, profesional, dan terpercaya untuk pelanggan di Mojokerto.",Mojokerto,081234560469,Hubungi Sekarang
percetakan-pasuruan-470,Jasa Percetakan Pasuruan,"Layanan jasa percetakan cepat, profesional, dan terpercaya untuk pelanggan di Pasuruan.",Pasuruan,081234560470,Hubungi Sekarang
service-ac-kediri-471,Jasa Service AC Profesional Kediri,"Layanan jasa service ac profesional cepat, profesional, dan terpercaya untuk pelanggan di Kediri.",Kediri,081234560471,Hubungi Sekarang
service-kulkas-malang-472,Jasa Service Kulkas Profesional Malang,"Layanan jasa service kulkas profesional cepat, profesional, dan terpercaya untuk pelanggan di Malang.",Malang,081234560472,Hubungi Sekarang
service-mesin-cuci-surabaya-473,Jasa Service Mesin Cuci Surabaya,"Layanan jasa service mesin cuci cepat, profesional, dan terpercaya untuk pelanggan di Surabaya.",Surabaya,081234560473,Hubungi Sekarang
instalasi-listrik-blitar-474,Jasa Instalasi Listrik Blitar,"Layanan jasa instalasi listrik cepat, profesional, dan terpercaya untuk pelanggan di Blitar.",Blitar,081234560474,Hubungi Sekarang
plumbing-tulungagung-475,Jasa Plumbing Profesional Tulungagung,"Layanan jasa plumbing profesional cepat, profesional, dan terpercaya untuk pelanggan di Tulungagung.",Tulungagung,081234560475,Hubungi Sekarang
bengkel-motor-madiun-476,Bengkel Motor Terpercaya Madiun,"Layanan bengkel motor terpercaya cepat, profesional, dan terpercaya untuk pelanggan di Madiun.",Madiun,081234560476,Hubungi Sekarang
cuci-mobil-jombang-477,Jasa Cuci Mobil Jombang,"Layanan jasa cuci mobil cepat, profesional, dan terpercaya untuk pelanggan di Jombang.",Jombang,081234560477,Hubungi Sekarang
cuci-motor-nganjuk-478,Jasa Cuci Motor Nganjuk,"Layanan jasa cuci motor cepat, profesional, dan terpercaya untuk pelanggan di Nganjuk.",Nganjuk,081234560478,Hubungi Sekarang
konveksi-mojokerto-479,Jasa Konveksi Mojokerto,"Layanan jasa konveksi cepat, profesional, dan terpercaya untuk pelanggan di Mojokerto.",Mojokerto,081234560479,Hubungi Sekarang
percetakan-pasuruan-480,Jasa Percetakan Pasuruan,"Layanan jasa percetakan cepat, profesional, dan terpercaya untuk pelanggan di Pasuruan.",Pasuruan,081234560480,Hubungi Sekarang
service-ac-kediri-481,Jasa Service AC Profesional Kediri,"Layanan jasa service ac profesional cepat, profesional, dan terpercaya untuk pelanggan di Kediri.",Kediri,081234560481,Hubungi Sekarang
service-kulkas-malang-482,Jasa Service Kulkas Profesional Malang,"Layanan jasa service kulkas profesional cepat, profesional, dan terpercaya untuk pelanggan di Malang.",Malang,081234560482,Hubungi Sekarang
service-mesin-cuci-surabaya-483,Jasa Service Mesin Cuci Surabaya,"Layanan jasa service mesin cuci cepat, profesional, dan terpercaya untuk pelanggan di Surabaya.",Surabaya,081234560483,Hubungi Sekarang
instalasi-listrik-blitar-484,Jasa Instalasi Listrik Blitar,"Layanan jasa instalasi listrik cepat, profesional, dan terpercaya untuk pelanggan di Blitar.",Blitar,081234560484,Hubungi Sekarang
plumbing-tulungagung-485,Jasa Plumbing Profesional Tulungagung,"Layanan jasa plumbing profesional cepat, profesional, dan terpercaya untuk pelanggan di Tulungagung.",Tulungagung,081234560485,Hubungi Sekarang
bengkel-motor-madiun-486,Bengkel Motor Terpercaya Madiun,"Layanan bengkel motor terpercaya cepat, profesional, dan terpercaya untuk pelanggan di Madiun.",Madiun,081234560486,Hubungi Sekarang
cuci-mobil-jombang-487,Jasa Cuci Mobil Jombang,"Layanan jasa cuci mobil cepat, profesional, dan terpercaya untuk pelanggan di Jombang.",Jombang,081234560487,Hubungi Sekarang
cuci-motor-nganjuk-488,Jasa Cuci Motor Nganjuk,"Layanan jasa cuci motor cepat, profesional, dan terpercaya untuk pelanggan di Nganjuk.",Nganjuk,081234560488,Hubungi Sekarang
konveksi-mojokerto-489,Jasa Konveksi Mojokerto,"Layanan jasa konveksi cepat, profesional, dan terpercaya untuk pelanggan di Mojokerto.",Mojokerto,081234560489,Hubungi Sekarang
percetakan-pasuruan-490,Jasa Percetakan Pasuruan,"Layanan jasa percetakan cepat, profesional, dan terpercaya untuk pelanggan di Pasuruan.",Pasuruan,081234560490,Hubungi Sekarang
service-ac-kediri-491,Jasa Service AC Profesional Kediri,"Layanan jasa service ac profesional cepat, profesional, dan terpercaya untuk pelanggan di Kediri.",Kediri,081234560491,Hubungi Sekarang
service-kulkas-malang-492,Jasa Service Kulkas Profesional Malang,"Layanan jasa service kulkas profesional cepat, profesional, dan terpercaya untuk pelanggan di Malang.",Malang,081234560492,Hubungi Sekarang
service-mesin-cuci-surabaya-493,Jasa Service Mesin Cuci Surabaya,"Layanan jasa service mesin cuci cepat, profesional, dan terpercaya untuk pelanggan di Surabaya.",Surabaya,081234560493,Hubungi Sekarang
instalasi-listrik-blitar-494,Jasa Instalasi Listrik Blitar,"Layanan jasa instalasi listrik cepat, profesional, dan terpercaya untuk pelanggan di Blitar.",Blitar,081234560494,Hubungi Sekarang
plumbing-tulungagung-495,Jasa Plumbing Profesional Tulungagung,"Layanan jasa plumbing profesional cepat, profesional, dan terpercaya untuk pelanggan di Tulungagung.",Tulungagung,081234560495,Hubungi Sekarang
bengkel-motor-madiun-496,Bengkel Motor Terpercaya Madiun,"Layanan bengkel motor terpercaya cepat, profesional, dan terpercaya untuk pelanggan di Madiun.",Madiun,081234560496,Hubungi Sekarang
cuci-mobil-jombang-497,Jasa Cuci Mobil Jombang,"Layanan jasa cuci mobil cepat, profesional, dan terpercaya untuk pelanggan di Jombang.",Jombang,081234560497,Hubungi Sekarang
cuci-motor-nganjuk-498,Jasa Cuci Motor Nganjuk,"Layanan jasa cuci motor cepat, profesional, dan terpercaya untuk pelanggan di Nganjuk.",Nganjuk,081234560498,Hubungi Sekarang
konveksi-mojokerto-499,Jasa Konveksi Mojokerto,"Layanan jasa konveksi cepat, profesional, dan terpercaya untuk pelanggan di Mojokerto.",Mojokerto,081234560499,Hubungi Sekarang
percetakan-pasuruan-500,Jasa Percetakan Pasuruan,"Layanan jasa percetakan cepat, profesional, dan terpercaya untuk pelanggan di Pasuruan.",Pasuruan,081234560500,Hubungi Sekarang
service-ac-kediri-501,Jasa Service AC Profesional Kediri,"Layanan jasa service ac profesional cepat, profesional, dan terpercaya untuk pelanggan di Kediri.",Kediri,081234560501,Hubungi Sekarang
service-kulkas-malang-502,Jasa Service Kulkas Profesional Malang,"Layanan jasa service kulkas profesional cepat, profesional, dan terpercaya untuk pelanggan di Malang.",Malang,081234560502,Hubungi Sekarang
service-mesin-cuci-surabaya-503,Jasa Service Mesin Cuci Surabaya,"Layanan jasa service mesin cuci cepat, profesional, dan terpercaya untuk pelanggan di Surabaya.",Surabaya,081234560503,Hubungi Sekarang
instalasi-listrik-blitar-504,Jasa Instalasi Listrik Blitar,"Layanan jasa instalasi listrik cepat, profesional, dan terpercaya untuk pelanggan di Blitar.",Blitar,081234560504,Hubungi Sekarang
plumbing-tulungagung-505,Jasa Plumbing Profesional Tulungagung,"Layanan jasa plumbing profesional cepat, profesional, dan terpercaya untuk pelanggan di Tulungagung.",Tulungagung,081234560505,Hubungi Sekarang
bengkel-motor-madiun-506,Bengkel Motor Terpercaya Madiun,"Layanan bengkel motor terpercaya cepat, profesional, dan terpercaya untuk pelanggan di Madiun.",Madiun,081234560506,Hubungi Sekarang
cuci-mobil-jombang-507,Jasa Cuci Mobil Jombang,"Layanan jasa cuci mobil cepat, profesional, dan terpercaya untuk pelanggan di Jombang.",Jombang,081234560507,Hubungi Sekarang
cuci-motor-nganjuk-508,Jasa Cuci Motor Nganjuk,"Layanan jasa cuci motor cepat, profesional, dan terpercaya untuk pelanggan di Nganjuk.",Nganjuk,081234560508,Hubungi Sekarang
konveksi-mojokerto-509,Jasa Konveksi Mojokerto,"Layanan jasa konveksi cepat, profesional, dan terpercaya untuk pelanggan di Mojokerto.",Mojokerto,081234560509,Hubungi Sekarang
percetakan-pasuruan-510,Jasa Percetakan Pasuruan,"Layanan jasa percetakan cepat, profesional, dan terpercaya untuk pelanggan di Pasuruan.",Pasuruan,081234560510,Hubungi Sekarang
service-ac-kediri-511,Jasa Service AC Profesional Kediri,"Layanan jasa service ac profesional cepat, profesional, dan terpercaya untuk pelanggan di Kediri.",Kediri,081234560511,Hubungi Sekarang
service-kulkas-malang-512,Jasa Service Kulkas Profesional Malang,"Layanan jasa service kulkas profesional cepat, profesional, dan terpercaya untuk pelanggan di Malang.",Malang,081234560512,Hubungi Sekarang
service-mesin-cuci-surabaya-513,Jasa Service Mesin Cuci Surabaya,"Layanan jasa service mesin cuci cepat, profesional, dan terpercaya untuk pelanggan di Surabaya.",Surabaya,081234560513,Hubungi Sekarang
instalasi-listrik-blitar-514,Jasa Instalasi Listrik Blitar,"Layanan jasa instalasi listrik cepat, profesional, dan terpercaya untuk pelanggan di Blitar.",Blitar,081234560514,Hubungi Sekarang
plumbing-tulungagung-515,Jasa Plumbing Profesional Tulungagung,"Layanan jasa plumbing profesional cepat, profesional, dan terpercaya untuk pelanggan di Tulungagung.",Tulungagung,081234560515,Hubungi Sekarang
bengkel-motor-madiun-516,Bengkel Motor Terpercaya Madiun,"Layanan bengkel motor terpercaya cepat, profesional, dan terpercaya untuk pelanggan di Madiun.",Madiun,081234560516,Hubungi Sekarang
cuci-mobil-jombang-517,Jasa Cuci Mobil Jombang,"Layanan jasa cuci mobil cepat, profesional, dan terpercaya untuk pelanggan di Jombang.",Jombang,081234560517,Hubungi Sekarang
cuci-motor-nganjuk-518,Jasa Cuci Motor Nganjuk,"Layanan jasa cuci motor cepat, profesional, dan terpercaya untuk pelanggan di Nganjuk.",Nganjuk,081234560518,Hubungi Sekarang
konveksi-mojokerto-519,Jasa Konveksi Mojokerto,"Layanan jasa konveksi cepat, profesional, dan terpercaya untuk pelanggan di Mojokerto.",Mojokerto,081234560519,Hubungi Sekarang
percetakan-pasuruan-520,Jasa Percetakan Pasuruan,"Layanan jasa percetakan cepat, profesional, dan terpercaya untuk pelanggan di Pasuruan.",Pasuruan,081234560520,Hubungi Sekarang
service-ac-kediri-521,Jasa Service AC Profesional Kediri,"Layanan jasa service ac profesional cepat, profesional, dan terpercaya untuk pelanggan di Kediri.",Kediri,081234560521,Hubungi Sekarang
service-kulkas-malang-522,Jasa Service Kulkas Profesional Malang,"Layanan jasa service kulkas profesional cepat, profesional, dan terpercaya untuk pelanggan di Malang.",Malang,081234560522,Hubungi Sekarang
service-mesin-cuci-surabaya-523,Jasa Service Mesin Cuci Surabaya,"Layanan jasa service mesin cuci cepat, profesional, dan terpercaya untuk pelanggan di Surabaya.",Surabaya,081234560523,Hubungi Sekarang
instalasi-listrik-blitar-524,Jasa Instalasi Listrik Blitar,"Layanan jasa instalasi listrik cepat, profesional, dan terpercaya untuk pelanggan di Blitar.",Blitar,081234560524,Hubungi Sekarang
plumbing-tulungagung-525,Jasa Plumbing Profesional Tulungagung,"Layanan jasa plumbing profesional cepat, profesional, dan terpercaya untuk pelanggan di Tulungagung.",Tulungagung,081234560525,Hubungi Sekarang
bengkel-motor-madiun-526,Bengkel Motor Terpercaya Madiun,"Layanan bengkel motor terpercaya cepat, profesional, dan terpercaya untuk pelanggan di Madiun.",Madiun,081234560526,Hubungi Sekarang
cuci-mobil-jombang-527,Jasa Cuci Mobil Jombang,"Layanan jasa cuci mobil cepat, profesional, dan terpercaya untuk pelanggan di Jombang.",Jombang,081234560527,Hubungi Sekarang
cuci-motor-nganjuk-528,Jasa Cuci Motor Nganjuk,"Layanan jasa cuci motor cepat, profesional, dan terpercaya untuk pelanggan di Nganjuk.",Nganjuk,081234560528,Hubungi Sekarang
konveksi-mojokerto-529,Jasa Konveksi Mojokerto,"Layanan jasa konveksi cepat, profesional, dan terpercaya untuk pelanggan di Mojokerto.",Mojokerto,081234560529,Hubungi Sekarang
percetakan-pasuruan-530,Jasa Percetakan Pasuruan,"Layanan jasa percetakan cepat, profesional, dan terpercaya untuk pelanggan di Pasuruan.",Pasuruan,081234560530,Hubungi Sekarang
service-ac-kediri-531,Jasa Service AC Profesional Kediri,"Layanan jasa service ac profesional cepat, profesional, dan terpercaya untuk pelanggan di Kediri.",Kediri,081234560531,Hubungi Sekarang
service-kulkas-malang-532,Jasa Service Kulkas Profesional Malang,"Layanan jasa service kulkas profesional cepat, profesional, dan terpercaya untuk pelanggan di Malang.",Malang,081234560532,Hubungi Sekarang
service-mesin-cuci-surabaya-533,Jasa Service Mesin Cuci Surabaya,"Layanan jasa service mesin cuci cepat, profesional, dan terpercaya untuk pelanggan di Surabaya.",Surabaya,081234560533,Hubungi Sekarang
instalasi-listrik-blitar-534,Jasa Instalasi Listrik Blitar,"Layanan jasa instalasi listrik cepat, profesional, dan terpercaya untuk pelanggan di Blitar.",Blitar,081234560534,Hubungi Sekarang
plumbing-tulungagung-535,Jasa Plumbing Profesional Tulungagung,"Layanan jasa plumbing profesional cepat, profesional, dan terpercaya untuk pelanggan di Tulungagung.",Tulungagung,081234560535,Hubungi Sekarang
bengkel-motor-madiun-536,Bengkel Motor Terpercaya Madiun,"Layanan bengkel motor terpercaya cepat, profesional, dan terpercaya untuk pelanggan di Madiun.",Madiun,081234560536,Hubungi Sekarang
cuci-mobil-jombang-537,Jasa Cuci Mobil Jombang,"Layanan jasa cuci mobil cepat, profesional, dan terpercaya untuk pelanggan di Jombang.",Jombang,081234560537,Hubungi Sekarang
cuci-motor-nganjuk-538,Jasa Cuci Motor Nganjuk,"Layanan jasa cuci motor cepat, profesional, dan terpercaya untuk pelanggan di Nganjuk.",Nganjuk,081234560538,Hubungi Sekarang
konveksi-mojokerto-539,Jasa Konveksi Mojokerto,"Layanan jasa konveksi cepat, profesional, dan terpercaya untuk pelanggan di Mojokerto.",Mojokerto,081234560539,Hubungi Sekarang
percetakan-pasuruan-540,Jasa Percetakan Pasuruan,"Layanan jasa percetakan cepat, profesional, dan terpercaya untuk pelanggan di Pasuruan.",Pasuruan,081234560540,Hubungi Sekarang
service-ac-kediri-541,Jasa Service AC Profesional Kediri,"Layanan jasa service ac profesional cepat, profesional, dan terpercaya untuk pelanggan di Kediri.",Kediri,081234560541,Hubungi Sekarang
service-kulkas-malang-542,Jasa Service Kulkas Profesional Malang,"Layanan jasa service kulkas profesional cepat, profesional, dan terpercaya untuk pelanggan di Malang.",Malang,081234560542,Hubungi Sekarang
service-mesin-cuci-surabaya-543,Jasa Service Mesin Cuci Surabaya,"Layanan jasa service mesin cuci cepat, profesional, dan terpercaya untuk pelanggan di Surabaya.",Surabaya,081234560543,Hubungi Sekarang
instalasi-listrik-blitar-544,Jasa Instalasi Listrik Blitar,"Layanan jasa instalasi listrik cepat, profesional, dan terpercaya untuk pelanggan di Blitar.",Blitar,081234560544,Hubungi Sekarang
plumbing-tulungagung-545,Jasa Plumbing Profesional Tulungagung,"Layanan jasa plumbing profesional cepat, profesional, dan terpercaya untuk pelanggan di Tulungagung.",Tulungagung,081234560545,Hubungi Sekarang
bengkel-motor-madiun-546,Bengkel Motor Terpercaya Madiun,"Layanan bengkel motor terpercaya cepat, profesional, dan terpercaya untuk pelanggan di Madiun.",Madiun,081234560546,Hubungi Sekarang
cuci-mobil-jombang-547,Jasa Cuci Mobil Jombang,"Layanan jasa cuci mobil cepat, profesional, dan terpercaya untuk pelanggan di Jombang.",Jombang,081234560547,Hubungi Sekarang
cuci-motor-nganjuk-548,Jasa Cuci Motor Nganjuk,"Layanan jasa cuci motor cepat, profesional, dan terpercaya untuk pelanggan di Nganjuk.",Nganjuk,081234560548,Hubungi Sekarang
konveksi-mojokerto-549,Jasa Konveksi Mojokerto,"Layanan jasa konveksi cepat, profesional, dan terpercaya untuk pelanggan di Mojokerto.",Mojokerto,081234560549,Hubungi Sekarang
percetakan-pasuruan-550,Jasa Percetakan Pasuruan,"Layanan jasa percetakan cepat, profesional, dan terpercaya untuk pelanggan di Pasuruan.",Pasuruan,081234560550,Hubungi Sekarang
service-ac-kediri-551,Jasa Service AC Profesional Kediri,"Layanan jasa service ac profesional cepat, profesional, dan terpercaya untuk pelanggan di Kediri.",Kediri,081234560551,Hubungi Sekarang
service-kulkas-malang-552,Jasa Service Kulkas Profesional Malang,"Layanan jasa service kulkas profesional cepat, profesional, dan terpercaya untuk pelanggan di Malang.",Malang,081234560552,Hubungi Sekarang
service-mesin-cuci-surabaya-553,Jasa Service Mesin Cuci Surabaya,"Layanan jasa service mesin cuci cepat, profesional, dan terpercaya untuk pelanggan di Surabaya.",Surabaya,081234560553,Hubungi Sekarang
instalasi-listrik-blitar-554,Jasa Instalasi Listrik Blitar,"Layanan jasa instalasi listrik cepat, profesional, dan terpercaya untuk pelanggan di Blitar.",Blitar,081234560554,Hubungi Sekarang
plumbing-tulungagung-555,Jasa Plumbing Profesional Tulungagung,"Layanan jasa plumbing profesional cepat, profesional, dan terpercaya untuk pelanggan di Tulungagung.",Tulungagung,081234560555,Hubungi Sekarang
bengkel-motor-madiun-556,Bengkel Motor Terpercaya Madiun,"Layanan bengkel motor terpercaya cepat, profesional, dan terpercaya untuk pelanggan di Madiun.",Madiun,081234560556,Hubungi Sekarang
cuci-mobil-jombang-557,Jasa Cuci Mobil Jombang,"Layanan jasa cuci mobil cepat, profesional, dan terpercaya untuk pelanggan di Jombang.",Jombang,081234560557,Hubungi Sekarang
cuci-motor-nganjuk-558,Jasa Cuci Motor Nganjuk,"Layanan jasa cuci motor cepat, profesional, dan terpercaya untuk pelanggan di Nganjuk.",Nganjuk,081234560558,Hubungi Sekarang
konveksi-mojokerto-559,Jasa Konveksi Mojokerto,"Layanan jasa konveksi cepat, profesional, dan terpercaya untuk pelanggan di Mojokerto.",Mojokerto,081234560559,Hubungi Sekarang
percetakan-pasuruan-560,Jasa Percetakan Pasuruan,"Layanan jasa percetakan cepat, profesional, dan terpercaya untuk pelanggan di Pasuruan.",Pasuruan,081234560560,Hubungi Sekarang
service-ac-kediri-561,Jasa Service AC Profesional Kediri,"Layanan jasa service ac profesional cepat, profesional, dan terpercaya untuk pelanggan di Kediri.",Kediri,081234560561,Hubungi Sekarang
service-kulkas-malang-562,Jasa Service Kulkas Profesional Malang,"Layanan jasa service kulkas profesional cepat, profesional, dan terpercaya untuk pelanggan di Malang.",Malang,081234560562,Hubungi Sekarang
service-mesin-cuci-surabaya-563,Jasa Service Mesin Cuci Surabaya,"Layanan jasa service mesin cuci cepat, profesional, dan terpercaya untuk pelanggan di Surabaya.",Surabaya,081234560563,Hubungi Sekarang
instalasi-listrik-blitar-564,Jasa Instalasi Listrik Blitar,"Layanan jasa instalasi listrik cepat, profesional, dan terpercaya untuk pelanggan di Blitar.",Blitar,081234560564,Hubungi Sekarang
plumbing-tulungagung-565,Jasa Plumbing Profesional Tulungagung,"Layanan jasa plumbing profesional cepat, profesional, dan terpercaya untuk pelanggan di Tulungagung.",Tulungagung,081234560565,Hubungi Sekarang
bengkel-motor-madiun-566,Bengkel Motor Terpercaya Madiun,"Layanan bengkel motor terpercaya cepat, profesional, dan terpercaya untuk pelanggan di Madiun.",Madiun,081234560566,Hubungi Sekarang
cuci-mobil-jombang-567,Jasa Cuci Mobil Jombang,"Layanan jasa cuci mobil cepat, profesional, dan terpercaya untuk pelanggan di Jombang.",Jombang,081234560567,Hubungi Sekarang
cuci-motor-nganjuk-568,Jasa Cuci Motor Nganjuk,"Layanan jasa cuci motor cepat, profesional, dan terpercaya untuk pelanggan di Nganjuk.",Nganjuk,081234560568,Hubungi Sekarang
konveksi-mojokerto-569,Jasa Konveksi Mojokerto,"Layanan jasa konveksi cepat, profesional, dan terpercaya untuk pelanggan di Mojokerto.",Mojokerto,081234560569,Hubungi Sekarang
percetakan-pasuruan-570,Jasa Percetakan Pasuruan,"Layanan jasa percetakan cepat, profesional, dan terpercaya untuk pelanggan di Pasuruan.",Pasuruan,081234560570,Hubungi Sekarang
service-ac-kediri-571,Jasa Service AC Profesional Kediri,"Layanan jasa service ac profesional cepat, profesional, dan terpercaya untuk pelanggan di Kediri.",Kediri,081234560571,Hubungi Sekarang
service-kulkas-malang-572,Jasa Service Kulkas Profesional Malang,"Layanan jasa service kulkas profesional cepat, profesional, dan terpercaya untuk pelanggan di Malang.",Malang,081234560572,Hubungi Sekarang
service-mesin-cuci-surabaya-573,Jasa Service Mesin Cuci Surabaya,"Layanan jasa service mesin cuci cepat, profesional, dan terpercaya untuk pelanggan di Surabaya.",Surabaya,081234560573,Hubungi Sekarang
instalasi-listrik-blitar-574,Jasa Instalasi Listrik Blitar,"Layanan jasa instalasi listrik cepat, profesional, dan terpercaya untuk pelanggan di Blitar.",Blitar,081234560574,Hubungi Sekarang
plumbing-tulungagung-575,Jasa Plumbing Profesional Tulungagung,"Layanan jasa plumbing profesional cepat, profesional, dan terpercaya untuk pelanggan di Tulungagung.",Tulungagung,081234560575,Hubungi Sekarang
bengkel-motor-madiun-576,Bengkel Motor Terpercaya Madiun,"Layanan bengkel motor terpercaya cepat, profesional, dan terpercaya untuk pelanggan di Madiun.",Madiun,081234560576,Hubungi Sekarang
cuci-mobil-jombang-577,Jasa Cuci Mobil Jombang,"Layanan jasa cuci mobil cepat, profesional, dan terpercaya untuk pelanggan di Jombang.",Jombang,081234560577,Hubungi Sekarang
cuci-motor-nganjuk-578,Jasa Cuci Motor Nganjuk,"Layanan jasa cuci motor cepat, profesional, dan terpercaya untuk pelanggan di Nganjuk.",Nganjuk,081234560578,Hubungi Sekarang
konveksi-mojokerto-579,Jasa Konveksi Mojokerto,"Layanan jasa konveksi cepat, profesional, dan terpercaya untuk pelanggan di Mojokerto.",Mojokerto,081234560579,Hubungi Sekarang
percetakan-pasuruan-580,Jasa Percetakan Pasuruan,"Layanan jasa percetakan cepat, profesional, dan terpercaya untuk pelanggan di Pasuruan.",Pasuruan,081234560580,Hubungi Sekarang
service-ac-kediri-581,Jasa Service AC Profesional Kediri,"Layanan jasa service ac profesional cepat, profesional, dan terpercaya untuk pelanggan di Kediri.",Kediri,081234560581,Hubungi Sekarang
service-kulkas-malang-582,Jasa Service Kulkas Profesional Malang,"Layanan jasa service kulkas profesional cepat, profesional, dan terpercaya untuk pelanggan di Malang.",Malang,081234560582,Hubungi Sekarang
service-mesin-cuci-surabaya-583,Jasa Service Mesin Cuci Surabaya,"Layanan jasa service mesin cuci cepat, profesional, dan terpercaya untuk pelanggan di Surabaya.",Surabaya,081234560583,Hubungi Sekarang
instalasi-listrik-blitar-584,Jasa Instalasi Listrik Blitar,"Layanan jasa instalasi listrik cepat, profesional, dan terpercaya untuk pelanggan di Blitar.",Blitar,081234560584,Hubungi Sekarang
plumbing-tulungagung-585,Jasa Plumbing Profesional Tulungagung,"Layanan jasa plumbing profesional cepat, profesional, dan terpercaya untuk pelanggan di Tulungagung.",Tulungagung,081234560585,Hubungi Sekarang
bengkel-motor-madiun-586,Bengkel Motor Terpercaya Madiun,"Layanan bengkel motor terpercaya cepat, profesional, dan terpercaya untuk pelanggan di Madiun.",Madiun,081234560586,Hubungi Sekarang
cuci-mobil-jombang-587,Jasa Cuci Mobil Jombang,"Layanan jasa cuci mobil cepat, profesional, dan terpercaya untuk pelanggan di Jombang.",Jombang,081234560587,Hubungi Sekarang
cuci-motor-nganjuk-588,Jasa Cuci Motor Nganjuk,"Layanan jasa cuci motor cepat, profesional, dan terpercaya untuk pelanggan di Nganjuk.",Nganjuk,081234560588,Hubungi Sekarang
konveksi-mojokerto-589,Jasa Konveksi Mojokerto,"Layanan jasa konveksi cepat, profesional, dan terpercaya untuk pelanggan di Mojokerto.",Mojokerto,081234560589,Hubungi Sekarang
percetakan-pasuruan-590,Jasa Percetakan Pasuruan,"Layanan jasa percetakan cepat, profesional, dan terpercaya untuk pelanggan di Pasuruan.",Pasuruan,081234560590,Hubungi Sekarang
service-ac-kediri-591,Jasa Service AC Profesional Kediri,"Layanan jasa service ac profesional cepat, profesional, dan terpercaya untuk pelanggan di Kediri.",Kediri,081234560591,Hubungi Sekarang
service-kulkas-malang-592,Jasa Service Kulkas Profesional Malang,"Layanan jasa service kulkas profesional cepat, profesional, dan terpercaya untuk pelanggan di Malang.",Malang,081234560592,Hubungi Sekarang
service-mesin-cuci-surabaya-593,Jasa Service Mesin Cuci Surabaya,"Layanan jasa service mesin cuci cepat, profesional, dan terpercaya untuk pelanggan di Surabaya.",Surabaya,081234560593,Hubungi Sekarang
instalasi-listrik-blitar-594,Jasa Instalasi Listrik Blitar,"Layanan jasa instalasi listrik cepat, profesional, dan terpercaya untuk pelanggan di Blitar.",Blitar,081234560594,Hubungi Sekarang
plumbing-tulungagung-595,Jasa Plumbing Profesional Tulungagung,"Layanan jasa plumbing profesional cepat, profesional, dan terpercaya untuk pelanggan di Tulungagung.",Tulungagung,081234560595,Hubungi Sekarang
bengkel-motor-madiun-596,Bengkel Motor Terpercaya Madiun,"Layanan bengkel motor terpercaya cepat, profesional, dan terpercaya untuk pelanggan di Madiun.",Madiun,081234560596,Hubungi Sekarang
cuci-mobil-jombang-597,Jasa Cuci Mobil Jombang,"Layanan jasa cuci mobil cepat, profesional, dan terpercaya untuk pelanggan di Jombang.",Jombang,081234560597,Hubungi Sekarang
cuci-motor-nganjuk-598,Jasa Cuci Motor Nganjuk,"Layanan jasa cuci motor cepat, profesional, dan terpercaya untuk pelanggan di Nganjuk.",Nganjuk,081234560598,Hubungi Sekarang
konveksi-mojokerto-599,Jasa Konveksi Mojokerto,"Layanan jasa konveksi cepat, profesional, dan terpercaya untuk pelanggan di Mojokerto.",Mojokerto,081234560599,Hubungi Sekarang
percetakan-pasuruan-600,Jasa Percetakan Pasuruan,"Layanan jasa percetakan cepat, profesional, dan terpercaya untuk pelanggan di Pasuruan.",Pasuruan,081234560600,Hubungi Sekarang
service-ac-kediri-601,Jasa Service AC Profesional Kediri,"Layanan jasa service ac profesional cepat, profesional, dan terpercaya untuk pelanggan di Kediri.",Kediri,081234560601,Hubungi Sekarang
service-kulkas-malang-602,Jasa Service Kulkas Profesional Malang,"Layanan jasa service kulkas profesional cepat, profesional, dan terpercaya untuk pelanggan di Malang.",Malang,081234560602,Hubungi Sekarang
service-mesin-cuci-surabaya-603,Jasa Service Mesin Cuci Surabaya,"Layanan jasa service mesin cuci cepat, profesional, dan terpercaya untuk pelanggan di Surabaya.",Surabaya,081234560603,Hubungi Sekarang
instalasi-listrik-blitar-604,Jasa Instalasi Listrik Blitar,"Layanan jasa instalasi listrik cepat, profesional, dan terpercaya untuk pelanggan di Blitar.",Blitar,081234560604,Hubungi Sekarang
plumbing-tulungagung-605,Jasa Plumbing Profesional Tulungagung,"Layanan jasa plumbing profesional cepat, profesional, dan terpercaya untuk pelanggan di Tulungagung.",Tulungagung,081234560605,Hubungi Sekarang
bengkel-motor-madiun-606,Bengkel Motor Terpercaya Madiun,"Layanan bengkel motor terpercaya cepat, profesional, dan terpercaya untuk pelanggan di Madiun.",Madiun,081234560606,Hubungi Sekarang
cuci-mobil-jombang-607,Jasa Cuci Mobil Jombang,"Layanan jasa cuci mobil cepat, profesional, dan terpercaya untuk pelanggan di Jombang.",Jombang,081234560607,Hubungi Sekarang
cuci-motor-nganjuk-608,Jasa Cuci Motor Nganjuk,"Layanan jasa cuci motor cepat, profesional, dan terpercaya untuk pelanggan di Nganjuk.",Nganjuk,081234560608,Hubungi Sekarang
konveksi-mojokerto-609,Jasa Konveksi Mojokerto,"Layanan jasa konveksi cepat, profesional, dan terpercaya untuk pelanggan di Mojokerto.",Mojokerto,081234560609,Hubungi Sekarang
percetakan-pasuruan-610,Jasa Percetakan Pasuruan,"Layanan jasa percetakan cepat, profesional, dan terpercaya untuk pelanggan di Pasuruan.",Pasuruan,081234560610,Hubungi Sekarang
service-ac-kediri-611,Jasa Service AC Profesional Kediri,"Layanan jasa service ac profesional cepat, profesional, dan terpercaya untuk pelanggan di Kediri.",Kediri,081234560611,Hubungi Sekarang
service-kulkas-malang-612,Jasa Service Kulkas Profesional Malang,"Layanan jasa service kulkas profesional cepat, profesional, dan terpercaya untuk pelanggan di Malang.",Malang,081234560612,Hubungi Sekarang
service-mesin-cuci-surabaya-613,Jasa Service Mesin Cuci Surabaya,"Layanan jasa service mesin cuci cepat, profesional, dan terpercaya untuk pelanggan di Surabaya.",Surabaya,081234560613,Hubungi Sekarang
instalasi-listrik-blitar-614,Jasa Instalasi Listrik Blitar,"Layanan jasa instalasi listrik cepat, profesional, dan terpercaya untuk pelanggan di Blitar.",Blitar,081234560614,Hubungi Sekarang
plumbing-tulungagung-615,Jasa Plumbing Profesional Tulungagung,"Layanan jasa plumbing profesional cepat, profesional, dan terpercaya untuk pelanggan di Tulungagung.",Tulungagung,081234560615,Hubungi Sekarang
bengkel-motor-madiun-616,Bengkel Motor Terpercaya Madiun,"Layanan bengkel motor terpercaya cepat, profesional, dan terpercaya untuk pelanggan di Madiun.",Madiun,081234560616,Hubungi Sekarang
cuci-mobil-jombang-617,Jasa Cuci Mobil Jombang,"Layanan jasa cuci mobil cepat, profesional, dan terpercaya untuk pelanggan di Jombang.",Jombang,081234560617,Hubungi Sekarang
cuci-motor-nganjuk-618,Jasa Cuci Motor Nganjuk,"Layanan jasa cuci motor cepat, profesional, dan terpercaya untuk pelanggan di Nganjuk.",Nganjuk,081234560618,Hubungi Sekarang
konveksi-mojokerto-619,Jasa Konveksi Mojokerto,"Layanan jasa konveksi cepat, profesional, dan terpercaya untuk pelanggan di Mojokerto.",Mojokerto,081234560619,Hubungi Sekarang
percetakan-pasuruan-620,Jasa Percetakan Pasuruan,"Layanan jasa percetakan cepat, profesional, dan terpercaya untuk pelanggan di Pasuruan.",Pasuruan,081234560620,Hubungi Sekarang
service-ac-kediri-621,Jasa Service AC Profesional Kediri,"Layanan jasa service ac profesional cepat, profesional, dan terpercaya untuk pelanggan di Kediri.",Kediri,081234560621,Hubungi Sekarang
service-kulkas-malang-622,Jasa Service Kulkas Profesional Malang,"Layanan jasa service kulkas profesional cepat, profesional, dan terpercaya untuk pelanggan di Malang.",Malang,081234560622,Hubungi Sekarang
service-mesin-cuci-surabaya-623,Jasa Service Mesin Cuci Surabaya,"Layanan jasa service mesin cuci cepat, profesional, dan terpercaya untuk pelanggan di Surabaya.",Surabaya,081234560623,Hubungi Sekarang
instalasi-listrik-blitar-624,Jasa Instalasi Listrik Blitar,"Layanan jasa instalasi listrik cepat, profesional, dan terpercaya untuk pelanggan di Blitar.",Blitar,081234560624,Hubungi Sekarang
plumbing-tulungagung-625,Jasa Plumbing Profesional Tulungagung,"Layanan jasa plumbing profesional cepat, profesional, dan terpercaya untuk pelanggan di Tulungagung.",Tulungagung,081234560625,Hubungi Sekarang
bengkel-motor-madiun-626,Bengkel Motor Terpercaya Madiun,"Layanan bengkel motor terpercaya cepat, profesional, dan terpercaya untuk pelanggan di Madiun.",Madiun,081234560626,Hubungi Sekarang
cuci-mobil-jombang-627,Jasa Cuci Mobil Jombang,"Layanan jasa cuci mobil cepat, profesional, dan terpercaya untuk pelanggan di Jombang.",Jombang,081234560627,Hubungi Sekarang
cuci-motor-nganjuk-628,Jasa Cuci Motor Nganjuk,"Layanan jasa cuci motor cepat, profesional, dan terpercaya untuk pelanggan di Nganjuk.",Nganjuk,081234560628,Hubungi Sekarang
konveksi-mojokerto-629,Jasa Konveksi Mojokerto,"Layanan jasa konveksi cepat, profesional, dan terpercaya untuk pelanggan di Mojokerto.",Mojokerto,081234560629,Hubungi Sekarang
percetakan-pasuruan-630,Jasa Percetakan Pasuruan,"Layanan jasa percetakan cepat, profesional, dan terpercaya untuk pelanggan di Pasuruan.",Pasuruan,081234560630,Hubungi Sekarang
service-ac-kediri-631,Jasa Service AC Profesional Kediri,"Layanan jasa service ac profesional cepat, profesional, dan terpercaya untuk pelanggan di Kediri.",Kediri,081234560631,Hubungi Sekarang
service-kulkas-malang-632,Jasa Service Kulkas Profesional Malang,"Layanan jasa service kulkas profesional cepat, profesional, dan terpercaya untuk pelanggan di Malang.",Malang,081234560632,Hubungi Sekarang
service-mesin-cuci-surabaya-633,Jasa Service Mesin Cuci Surabaya,"Layanan jasa service mesin cuci cepat, profesional, dan terpercaya untuk pelanggan di Surabaya.",Surabaya,081234560633,Hubungi Sekarang
instalasi-listrik-blitar-634,Jasa Instalasi Listrik Blitar,"Layanan jasa instalasi listrik cepat, profesional, dan terpercaya untuk pelanggan di Blitar.",Blitar,081234560634,Hubungi Sekarang
plumbing-tulungagung-635,Jasa Plumbing Profesional Tulungagung,"Layanan jasa plumbing profesional cepat, profesional, dan terpercaya untuk pelanggan di Tulungagung.",Tulungagung,081234560635,Hubungi Sekarang
bengkel-motor-madiun-636,Bengkel Motor Terpercaya Madiun,"Layanan bengkel motor terpercaya cepat, profesional, dan terpercaya untuk pelanggan di Madiun.",Madiun,081234560636,Hubungi Sekarang
cuci-mobil-jombang-637,Jasa Cuci Mobil Jombang,"Layanan jasa cuci mobil cepat, profesional, dan terpercaya untuk pelanggan di Jombang.",Jombang,081234560637,Hubungi Sekarang
cuci-motor-nganjuk-638,Jasa Cuci Motor Nganjuk,"Layanan jasa cuci motor cepat, profesional, dan terpercaya untuk pelanggan di Nganjuk.",Nganjuk,081234560638,Hubungi Sekarang
konveksi-mojokerto-639,Jasa Konveksi Mojokerto,"Layanan jasa konveksi cepat, profesional, dan terpercaya untuk pelanggan di Mojokerto.",Mojokerto,081234560639,Hubungi Sekarang
percetakan-pasuruan-640,Jasa Percetakan Pasuruan,"Layanan jasa percetakan cepat, profesional, dan terpercaya untuk pelanggan di Pasuruan.",Pasuruan,081234560640,Hubungi Sekarang
service-ac-kediri-641,Jasa Service AC Profesional Kediri,"Layanan jasa service ac profesional cepat, profesional, dan terpercaya untuk pelanggan di Kediri.",Kediri,081234560641,Hubungi Sekarang
service-kulkas-malang-642,Jasa Service Kulkas Profesional Malang,"Layanan jasa service kulkas profesional cepat, profesional, dan terpercaya untuk pelanggan di Malang.",Malang,081234560642,Hubungi Sekarang
service-mesin-cuci-surabaya-643,Jasa Service Mesin Cuci Surabaya,"Layanan jasa service mesin cuci cepat, profesional, dan terpercaya untuk pelanggan di Surabaya.",Surabaya,081234560643,Hubungi Sekarang
instalasi-listrik-blitar-644,Jasa Instalasi Listrik Blitar,"Layanan jasa instalasi listrik cepat, profesional, dan terpercaya untuk pelanggan di Blitar.",Blitar,081234560644,Hubungi Sekarang
plumbing-tulungagung-645,Jasa Plumbing Profesional Tulungagung,"Layanan jasa plumbing profesional cepat, profesional, dan terpercaya untuk pelanggan di Tulungagung.",Tulungagung,081234560645,Hubungi Sekarang
bengkel-motor-madiun-646,Bengkel Motor Terpercaya Madiun,"Layanan bengkel motor terpercaya cepat, profesional, dan terpercaya untuk pelanggan di Madiun.",Madiun,081234560646,Hubungi Sekarang
cuci-mobil-jombang-647,Jasa Cuci Mobil Jombang,"Layanan jasa cuci mobil cepat, profesional, dan terpercaya untuk pelanggan di Jombang.",Jombang,081234560647,Hubungi Sekarang
cuci-motor-nganjuk-648,Jasa Cuci Motor Nganjuk,"Layanan jasa cuci motor cepat, profesional, dan terpercaya untuk pelanggan di Nganjuk.",Nganjuk,081234560648,Hubungi Sekarang
konveksi-mojokerto-649,Jasa Konveksi Mojokerto,"Layanan jasa konveksi cepat, profesional, dan terpercaya untuk pelanggan di Mojokerto.",Mojokerto,081234560649,Hubungi Sekarang
percetakan-pasuruan-650,Jasa Percetakan Pasuruan,"Layanan jasa percetakan cepat, profesional, dan terpercaya untuk pelanggan di Pasuruan.",Pasuruan,081234560650,Hubungi Sekarang
service-ac-kediri-651,Jasa Service AC Profesional Kediri,"Layanan jasa service ac profesional cepat, profesional, dan terpercaya untuk pelanggan di Kediri.",Kediri,081234560651,Hubungi Sekarang
service-kulkas-malang-652,Jasa Service Kulkas Profesional Malang,"Layanan jasa service kulkas profesional cepat, profesional, dan terpercaya untuk pelanggan di Malang.",Malang,081234560652,Hubungi Sekarang
service-mesin-cuci-surabaya-653,Jasa Service Mesin Cuci Surabaya,"Layanan jasa service mesin cuci cepat, profesional, dan terpercaya untuk pelanggan di Surabaya.",Surabaya,081234560653,Hubungi Sekarang
instalasi-listrik-blitar-654,Jasa Instalasi Listrik Blitar,"Layanan jasa instalasi listrik cepat, profesional, dan terpercaya untuk pelanggan di Blitar.",Blitar,081234560654,Hubungi Sekarang
plumbing-tulungagung-655,Jasa Plumbing Profesional Tulungagung,"Layanan jasa plumbing profesional cepat, profesional, dan terpercaya untuk pelanggan di Tulungagung.",Tulungagung,081234560655,Hubungi Sekarang
bengkel-motor-madiun-656,Bengkel Motor Terpercaya Madiun,"Layanan bengkel motor terpercaya cepat, profesional, dan terpercaya untuk pelanggan di Madiun.",Madiun,081234560656,Hubungi Sekarang
cuci-mobil-jombang-657,Jasa Cuci Mobil Jombang,"Layanan jasa cuci mobil cepat, profesional, dan terpercaya untuk pelanggan di Jombang.",Jombang,081234560657,Hubungi Sekarang
cuci-motor-nganjuk-658,Jasa Cuci Motor Nganjuk,"Layanan jasa cuci motor cepat, profesional, dan terpercaya untuk pelanggan di Nganjuk.",Nganjuk,081234560658,Hubungi Sekarang
konveksi-mojokerto-659,Jasa Konveksi Mojokerto,"Layanan jasa konveksi cepat, profesional, dan terpercaya untuk pelanggan di Mojokerto.",Mojokerto,081234560659,Hubungi Sekarang
percetakan-pasuruan-660,Jasa Percetakan Pasuruan,"Layanan jasa percetakan cepat, profesional, dan terpercaya untuk pelanggan di Pasuruan.",Pasuruan,081234560660,Hubungi Sekarang
service-ac-kediri-661,Jasa Service AC Profesional Kediri,"Layanan jasa service ac profesional cepat, profesional, dan terpercaya untuk pelanggan di Kediri.",Kediri,081234560661,Hubungi Sekarang
service-kulkas-malang-662,Jasa Service Kulkas Profesional Malang,"Layanan jasa service kulkas profesional cepat, profesional, dan terpercaya untuk pelanggan di Malang.",Malang,081234560662,Hubungi Sekarang
service-mesin-cuci-surabaya-663,Jasa Service Mesin Cuci Surabaya,"Layanan jasa service mesin cuci cepat, profesional, dan terpercaya untuk pelanggan di Surabaya.",Surabaya,081234560663,Hubungi Sekarang
instalasi-listrik-blitar-664,Jasa Instalasi Listrik Blitar,"Layanan jasa instalasi listrik cepat, profesional, dan terpercaya untuk pelanggan di Blitar.",Blitar,081234560664,Hubungi Sekarang
plumbing-tulungagung-665,Jasa Plumbing Profesional Tulungagung,"Layanan jasa plumbing profesional cepat, profesional, dan terpercaya untuk pelanggan di Tulungagung.",Tulungagung,081234560665,Hubungi Sekarang
bengkel-motor-madiun-666,Bengkel Motor Terpercaya Madiun,"Layanan bengkel motor terpercaya cepat, profesional, dan terpercaya untuk pelanggan di Madiun.",Madiun,081234560666,Hubungi Sekarang
cuci-mobil-jombang-667,Jasa Cuci Mobil Jombang,"Layanan jasa cuci mobil cepat, profesional, dan terpercaya untuk pelanggan di Jombang.",Jombang,081234560667,Hubungi Sekarang
cuci-motor-nganjuk-668,Jasa Cuci Motor Nganjuk,"Layanan jasa cuci motor cepat, profesional, dan terpercaya untuk pelanggan di Nganjuk.",Nganjuk,081234560668,Hubungi Sekarang
konveksi-mojokerto-669,Jasa Konveksi Mojokerto,"Layanan jasa konveksi cepat, profesional, dan terpercaya untuk pelanggan di Mojokerto.",Mojokerto,081234560669,Hubungi Sekarang
percetakan-pasuruan-670,Jasa Percetakan Pasuruan,"Layanan jasa percetakan cepat, profesional, dan terpercaya untuk pelanggan di Pasuruan.",Pasuruan,081234560670,Hubungi Sekarang
service-ac-kediri-671,Jasa Service AC Profesional Kediri,"Layanan jasa service ac profesional cepat, profesional, dan terpercaya untuk pelanggan di Kediri.",Kediri,081234560671,Hubungi Sekarang
service-kulkas-malang-672,Jasa Service Kulkas Profesional Malang,"Layanan jasa service kulkas profesional cepat, profesional, dan terpercaya untuk pelanggan di Malang.",Malang,081234560672,Hubungi Sekarang
service-mesin-cuci-surabaya-673,Jasa Service Mesin Cuci Surabaya,"Layanan jasa service mesin cuci cepat, profesional, dan terpercaya untuk pelanggan di Surabaya.",Surabaya,081234560673,Hubungi Sekarang
instalasi-listrik-blitar-674,Jasa Instalasi Listrik Blitar,"Layanan jasa instalasi listrik cepat, profesional, dan terpercaya untuk pelanggan di Blitar.",Blitar,081234560674,Hubungi Sekarang
plumbing-tulungagung-675,Jasa Plumbing Profesional Tulungagung,"Layanan jasa plumbing profesional cepat, profesional, dan terpercaya untuk pelanggan di Tulungagung.",Tulungagung,081234560675,Hubungi Sekarang
bengkel-motor-madiun-676,Bengkel Motor Terpercaya Madiun,"Layanan bengkel motor terpercaya cepat, profesional, dan terpercaya untuk pelanggan di Madiun.",Madiun,081234560676,Hubungi Sekarang
cuci-mobil-jombang-677,Jasa Cuci Mobil Jombang,"Layanan jasa cuci mobil cepat, profesional, dan terpercaya untuk pelanggan di Jombang.",Jombang,081234560677,Hubungi Sekarang
cuci-motor-nganjuk-678,Jasa Cuci Motor Nganjuk,"Layanan jasa cuci motor cepat, profesional, dan terpercaya untuk pelanggan di Nganjuk.",Nganjuk,081234560678,Hubungi Sekarang
konveksi-mojokerto-679,Jasa Konveksi Mojokerto,"Layanan jasa konveksi cepat, profesional, dan terpercaya untuk pelanggan di Mojokerto.",Mojokerto,081234560679,Hubungi Sekarang
percetakan-pasuruan-680,Jasa Percetakan Pasuruan,"Layanan jasa percetakan cepat, profesional, dan terpercaya untuk pelanggan di Pasuruan.",Pasuruan,081234560680,Hubungi Sekarang
service-ac-kediri-681,Jasa Service AC Profesional Kediri,"Layanan jasa service ac profesional cepat, profesional, dan terpercaya untuk pelanggan di Kediri.",Kediri,081234560681,Hubungi Sekarang
service-kulkas-malang-682,Jasa Service Kulkas Profesional Malang,"Layanan jasa service kulkas profesional cepat, profesional, dan terpercaya untuk pelanggan di Malang.",Malang,081234560682,Hubungi Sekarang
service-mesin-cuci-surabaya-683,Jasa Service Mesin Cuci Surabaya,"Layanan jasa service mesin cuci cepat, profesional, dan terpercaya untuk pelanggan di Surabaya.",Surabaya,081234560683,Hubungi Sekarang
instalasi-listrik-blitar-684,Jasa Instalasi Listrik Blitar,"Layanan jasa instalasi listrik cepat, profesional, dan terpercaya untuk pelanggan di Blitar.",Blitar,081234560684,Hubungi Sekarang
plumbing-tulungagung-685,Jasa Plumbing Profesional Tulungagung,"Layanan jasa plumbing profesional cepat, profesional, dan terpercaya untuk pelanggan di Tulungagung.",Tulungagung,081234560685,Hubungi Sekarang
bengkel-motor-madiun-686,Bengkel Motor Terpercaya Madiun,"Layanan bengkel motor terpercaya cepat, profesional, dan terpercaya untuk pelanggan di Madiun.",Madiun,081234560686,Hubungi Sekarang
cuci-mobil-jombang-687,Jasa Cuci Mobil Jombang,"Layanan jasa cuci mobil cepat, profesional, dan terpercaya untuk pelanggan di Jombang.",Jombang,081234560687,Hubungi Sekarang
cuci-motor-nganjuk-688,Jasa Cuci Motor Nganjuk,"Layanan jasa cuci motor cepat, profesional, dan terpercaya untuk pelanggan di Nganjuk.",Nganjuk,081234560688,Hubungi Sekarang
konveksi-mojokerto-689,Jasa Konveksi Mojokerto,"Layanan jasa konveksi cepat, profesional, dan terpercaya untuk pelanggan di Mojokerto.",Mojokerto,081234560689,Hubungi Sekarang
percetakan-pasuruan-690,Jasa Percetakan Pasuruan,"Layanan jasa percetakan cepat, profesional, dan terpercaya untuk pelanggan di Pasuruan.",Pasuruan,081234560690,Hubungi Sekarang
service-ac-kediri-691,Jasa Service AC Profesional Kediri,"Layanan jasa service ac profesional cepat, profesional, dan terpercaya untuk pelanggan di Kediri.",Kediri,081234560691,Hubungi Sekarang
service-kulkas-malang-692,Jasa Service Kulkas Profesional Malang,"Layanan jasa service kulkas profesional cepat, profesional, dan terpercaya untuk pelanggan di Malang.",Malang,081234560692,Hubungi Sekarang
service-mesin-cuci-surabaya-693,Jasa Service Mesin Cuci Surabaya,"Layanan jasa service mesin cuci cepat, profesional, dan terpercaya untuk pelanggan di Surabaya.",Surabaya,081234560693,Hubungi Sekarang
instalasi-listrik-blitar-694,Jasa Instalasi Listrik Blitar,"Layanan jasa instalasi listrik cepat, profesional, dan terpercaya untuk pelanggan di Blitar.",Blitar,081234560694,Hubungi Sekarang
plumbing-tulungagung-695,Jasa Plumbing Profesional Tulungagung,"Layanan jasa plumbing profesional cepat, profesional, dan terpercaya untuk pelanggan di Tulungagung.",Tulungagung,081234560695,Hubungi Sekarang
bengkel-motor-madiun-696,Bengkel Motor Terpercaya Madiun,"Layanan bengkel motor terpercaya cepat, profesional, dan terpercaya untuk pelanggan di Madiun.",Madiun,081234560696,Hubungi Sekarang
cuci-mobil-jombang-697,Jasa Cuci Mobil Jombang,"Layanan jasa cuci mobil cepat, profesional, dan terpercaya untuk pelanggan di Jombang.",Jombang,081234560697,Hubungi Sekarang
cuci-motor-nganjuk-698,Jasa Cuci Motor Nganjuk,"Layanan jasa cuci motor cepat, profesional, dan terpercaya untuk pelanggan di Nganjuk.",Nganjuk,081234560698,Hubungi Sekarang
konveksi-mojokerto-699,Jasa Konveksi Mojokerto,"Layanan jasa konveksi cepat, profesional, dan terpercaya untuk pelanggan di Mojokerto.",Mojokerto,081234560699,Hubungi Sekarang
percetakan-pasuruan-700,Jasa Percetakan Pasuruan,"Layanan jasa percetakan cepat, profesional, dan terpercaya untuk pelanggan di Pasuruan.",Pasuruan,081234560700,Hubungi Sekarang
service-ac-kediri-701,Jasa Service AC Profesional Kediri,"Layanan jasa service ac profesional cepat, profesional, dan terpercaya untuk pelanggan di Kediri.",Kediri,081234560701,Hubungi Sekarang
service-kulkas-malang-702,Jasa Service Kulkas Profesional Malang,"Layanan jasa service kulkas profesional cepat, profesional, dan terpercaya untuk pelanggan di Malang.",Malang,081234560702,Hubungi Sekarang
service-mesin-cuci-surabaya-703,Jasa Service Mesin Cuci Surabaya,"Layanan jasa service mesin cuci cepat, profesional, dan terpercaya untuk pelanggan di Surabaya.",Surabaya,081234560703,Hubungi Sekarang
instalasi-listrik-blitar-704,Jasa Instalasi Listrik Blitar,"Layanan jasa instalasi listrik cepat, profesional, dan terpercaya untuk pelanggan di Blitar.",Blitar,081234560704,Hubungi Sekarang
plumbing-tulungagung-705,Jasa Plumbing Profesional Tulungagung,"Layanan jasa plumbing profesional cepat, profesional, dan terpercaya untuk pelanggan di Tulungagung.",Tulungagung,081234560705,Hubungi Sekarang
bengkel-motor-madiun-706,Bengkel Motor Terpercaya Madiun,"Layanan bengkel motor terpercaya cepat, profesional, dan terpercaya untuk pelanggan di Madiun.",Madiun,081234560706,Hubungi Sekarang
cuci-mobil-jombang-707,Jasa Cuci Mobil Jombang,"Layanan jasa cuci mobil cepat, profesional, dan terpercaya untuk pelanggan di Jombang.",Jombang,081234560707,Hubungi Sekarang
cuci-motor-nganjuk-708,Jasa Cuci Motor Nganjuk,"Layanan jasa cuci motor cepat, profesional, dan terpercaya untuk pelanggan di Nganjuk.",Nganjuk,081234560708,Hubungi Sekarang
konveksi-mojokerto-709,Jasa Konveksi Mojokerto,"Layanan jasa konveksi cepat, profesional, dan terpercaya untuk pelanggan di Mojokerto.",Mojokerto,081234560709,Hubungi Sekarang
percetakan-pasuruan-710,Jasa Percetakan Pasuruan,"Layanan jasa percetakan cepat, profesional, dan terpercaya untuk pelanggan di Pasuruan.",Pasuruan,081234560710,Hubungi Sekarang
service-ac-kediri-711,Jasa Service AC Profesional Kediri,"Layanan jasa service ac profesional cepat, profesional, dan terpercaya untuk pelanggan di Kediri.",Kediri,081234560711,Hubungi Sekarang
service-kulkas-malang-712,Jasa Service Kulkas Profesional Malang,"Layanan jasa service kulkas profesional cepat, profesional, dan terpercaya untuk pelanggan di Malang.",Malang,081234560712,Hubungi Sekarang
service-mesin-cuci-surabaya-713,Jasa Service Mesin Cuci Surabaya,"Layanan jasa service mesin cuci cepat, profesional, dan terpercaya untuk pelanggan di Surabaya.",Surabaya,081234560713,Hubungi Sekarang
instalasi-listrik-blitar-714,Jasa Instalasi Listrik Blitar,"Layanan jasa instalasi listrik cepat, profesional, dan terpercaya untuk pelanggan di Blitar.",Blitar,081234560714,Hubungi Sekarang
plumbing-tulungagung-715,Jasa Plumbing Profesional Tulungagung,"Layanan jasa plumbing profesional cepat, profesional, dan terpercaya untuk pelanggan di Tulungagung.",Tulungagung,081234560715,Hubungi Sekarang
bengkel-motor-madiun-716,Bengkel Motor Terpercaya Madiun,"Layanan bengkel motor terpercaya cepat, profesional, dan terpercaya untuk pelanggan di Madiun.",Madiun,081234560716,Hubungi Sekarang
cuci-mobil-jombang-717,Jasa Cuci Mobil Jombang,"Layanan jasa cuci mobil cepat, profesional, dan terpercaya untuk pelanggan di Jombang.",Jombang,081234560717,Hubungi Sekarang
cuci-motor-nganjuk-718,Jasa Cuci Motor Nganjuk,"Layanan jasa cuci motor cepat, profesional, dan terpercaya untuk pelanggan di Nganjuk.",Nganjuk,081234560718,Hubungi Sekarang
konveksi-mojokerto-719,Jasa Konveksi Mojokerto,"Layanan jasa konveksi cepat, profesional, dan terpercaya untuk pelanggan di Mojokerto.",Mojokerto,081234560719,Hubungi Sekarang
percetakan-pasuruan-720,Jasa Percetakan Pasuruan,"Layanan jasa percetakan cepat, profesional, dan terpercaya untuk pelanggan di Pasuruan.",Pasuruan,081234560720,Hubungi Sekarang
service-ac-kediri-721,Jasa Service AC Profesional Kediri,"Layanan jasa service ac profesional cepat, profesional, dan terpercaya untuk pelanggan di Kediri.",Kediri,081234560721,Hubungi Sekarang
service-kulkas-malang-722,Jasa Service Kulkas Profesional Malang,"Layanan jasa service kulkas profesional cepat, profesional, dan terpercaya untuk pelanggan di Malang.",Malang,081234560722,Hubungi Sekarang
service-mesin-cuci-surabaya-723,Jasa Service Mesin Cuci Surabaya,"Layanan jasa service mesin cuci cepat, profesional, dan terpercaya untuk pelanggan di Surabaya.",Surabaya,081234560723,Hubungi Sekarang
instalasi-listrik-blitar-724,Jasa Instalasi Listrik Blitar,"Layanan jasa instalasi listrik cepat, profesional, dan terpercaya untuk pelanggan di Blitar.",Blitar,081234560724,Hubungi Sekarang
plumbing-tulungagung-725,Jasa Plumbing Profesional Tulungagung,"Layanan jasa plumbing profesional cepat, profesional, dan terpercaya untuk pelanggan di Tulungagung.",Tulungagung,081234560725,Hubungi Sekarang
bengkel-motor-madiun-726,Bengkel Motor Terpercaya Madiun,"Layanan bengkel motor terpercaya cepat, profesional, dan terpercaya untuk pelanggan di Madiun.",Madiun,081234560726,Hubungi Sekarang
cuci-mobil-jombang-727,Jasa Cuci Mobil Jombang,"Layanan jasa cuci mobil cepat, profesional, dan terpercaya untuk pelanggan di Jombang.",Jombang,081234560727,Hubungi Sekarang
cuci-motor-nganjuk-728,Jasa Cuci Motor Nganjuk,"Layanan jasa cuci motor cepat, profesional, dan terpercaya untuk pelanggan di Nganjuk.",Nganjuk,081234560728,Hubungi Sekarang
konveksi-mojokerto-729,Jasa Konveksi Mojokerto,"Layanan jasa konveksi cepat, profesional, dan terpercaya untuk pelanggan di Mojokerto.",Mojokerto,081234560729,Hubungi Sekarang
percetakan-pasuruan-730,Jasa Percetakan Pasuruan,"Layanan jasa percetakan cepat, profesional, dan terpercaya untuk pelanggan di Pasuruan.",Pasuruan,081234560730,Hubungi Sekarang
service-ac-kediri-731,Jasa Service AC Profesional Kediri,"Layanan jasa service ac profesional cepat, profesional, dan terpercaya untuk pelanggan di Kediri.",Kediri,081234560731,Hubungi Sekarang
service-kulkas-malang-732,Jasa Service Kulkas Profesional Malang,"Layanan jasa service kulkas profesional cepat, profesional, dan terpercaya untuk pelanggan di Malang.",Malang,081234560732,Hubungi Sekarang
service-mesin-cuci-surabaya-733,Jasa Service Mesin Cuci Surabaya,"Layanan jasa service mesin cuci cepat, profesional, dan terpercaya untuk pelanggan di Surabaya.",Surabaya,081234560733,Hubungi Sekarang
instalasi-listrik-blitar-734,Jasa Instalasi Listrik Blitar,"Layanan jasa instalasi listrik cepat, profesional, dan terpercaya untuk pelanggan di Blitar.",Blitar,081234560734,Hubungi Sekarang
plumbing-tulungagung-735,Jasa Plumbing Profesional Tulungagung,"Layanan jasa plumbing profesional cepat, profesional, dan terpercaya untuk pelanggan di Tulungagung.",Tulungagung,081234560735,Hubungi Sekarang
bengkel-motor-madiun-736,Bengkel Motor Terpercaya Madiun,"Layanan bengkel motor terpercaya cepat, profesional, dan terpercaya untuk pelanggan di Madiun.",Madiun,081234560736,Hubungi Sekarang
cuci-mobil-jombang-737,Jasa Cuci Mobil Jombang,"Layanan jasa cuci mobil cepat, profesional, dan terpercaya untuk pelanggan di Jombang.",Jombang,081234560737,Hubungi Sekarang
cuci-motor-nganjuk-738,Jasa Cuci Motor Nganjuk,"Layanan jasa cuci motor cepat, profesional, dan terpercaya untuk pelanggan di Nganjuk.",Nganjuk,081234560738,Hubungi Sekarang
konveksi-mojokerto-739,Jasa Konveksi Mojokerto,"Layanan jasa konveksi cepat, profesional, dan terpercaya untuk pelanggan di Mojokerto.",Mojokerto,081234560739,Hubungi Sekarang
percetakan-pasuruan-740,Jasa Percetakan Pasuruan,"Layanan jasa percetakan cepat, profesional, dan terpercaya untuk pelanggan di Pasuruan.",Pasuruan,081234560740,Hubungi Sekarang
service-ac-kediri-741,Jasa Service AC Profesional Kediri,"Layanan jasa service ac profesional cepat, profesional, dan terpercaya untuk pelanggan di Kediri.",Kediri,081234560741,Hubungi Sekarang
service-kulkas-malang-742,Jasa Service Kulkas Profesional Malang,"Layanan jasa service kulkas profesional cepat, profesional, dan terpercaya untuk pelanggan di Malang.",Malang,081234560742,Hubungi Sekarang
service-mesin-cuci-surabaya-743,Jasa Service Mesin Cuci Surabaya,"Layanan jasa service mesin cuci cepat, profesional, dan terpercaya untuk pelanggan di Surabaya.",Surabaya,081234560743,Hubungi Sekarang
instalasi-listrik-blitar-744,Jasa Instalasi Listrik Blitar,"Layanan jasa instalasi listrik cepat, profesional, dan terpercaya untuk pelanggan di Blitar.",Blitar,081234560744,Hubungi Sekarang
plumbing-tulungagung-745,Jasa Plumbing Profesional Tulungagung,"Layanan jasa plumbing profesional cepat, profesional, dan terpercaya untuk pelanggan di Tulungagung.",Tulungagung,081234560745,Hubungi Sekarang
bengkel-motor-madiun-746,Bengkel Motor Terpercaya Madiun,"Layanan bengkel motor terpercaya cepat, profesional, dan terpercaya untuk pelanggan di Madiun.",Madiun,081234560746,Hubungi Sekarang
cuci-mobil-jombang-747,Jasa Cuci Mobil Jombang,"Layanan jasa cuci mobil cepat, profesional, dan terpercaya untuk pelanggan di Jombang.",Jombang,081234560747,Hubungi Sekarang
cuci-motor-nganjuk-748,Jasa Cuci Motor Nganjuk,"Layanan jasa cuci motor cepat, profesional, dan terpercaya untuk pelanggan di Nganjuk.",Nganjuk,081234560748,Hubungi Sekarang
konveksi-mojokerto-749,Jasa Konveksi Mojokerto,"Layanan jasa konveksi cepat, profesional, dan terpercaya untuk pelanggan di Mojokerto.",Mojokerto,081234560749,Hubungi Sekarang
percetakan-pasuruan-750,Jasa Percetakan Pasuruan,"Layanan jasa percetakan cepat, profesional, dan terpercaya untuk pelanggan di Pasuruan.",Pasuruan,081234560750,Hubungi Sekarang
service-ac-kediri-751,Jasa Service AC Profesional Kediri,"Layanan jasa service ac profesional cepat, profesional, dan terpercaya untuk pelanggan di Kediri.",Kediri,081234560751,Hubungi Sekarang
service-kulkas-malang-752,Jasa Service Kulkas Profesional Malang,"Layanan jasa service kulkas profesional cepat, profesional, dan terpercaya untuk pelanggan di Malang.",Malang,081234560752,Hubungi Sekarang
service-mesin-cuci-surabaya-753,Jasa Service Mesin Cuci Surabaya,"Layanan jasa service mesin cuci cepat, profesional, dan terpercaya untuk pelanggan di Surabaya.",Surabaya,081234560753,Hubungi Sekarang
instalasi-listrik-blitar-754,Jasa Instalasi Listrik Blitar,"Layanan jasa instalasi listrik cepat, profesional, dan terpercaya untuk pelanggan di Blitar.",Blitar,081234560754,Hubungi Sekarang
plumbing-tulungagung-755,Jasa Plumbing Profesional Tulungagung,"Layanan jasa plumbing profesional cepat, profesional, dan terpercaya untuk pelanggan di Tulungagung.",Tulungagung,081234560755,Hubungi Sekarang
bengkel-motor-madiun-756,Bengkel Motor Terpercaya Madiun,"Layanan bengkel motor terpercaya cepat, profesional, dan terpercaya untuk pelanggan di Madiun.",Madiun,081234560756,Hubungi Sekarang
cuci-mobil-jombang-757,Jasa Cuci Mobil Jombang,"Layanan jasa cuci mobil cepat, profesional, dan terpercaya untuk pelanggan di Jombang.",Jombang,081234560757,Hubungi Sekarang
cuci-motor-nganjuk-758,Jasa Cuci Motor Nganjuk,"Layanan jasa cuci motor cepat, profesional, dan terpercaya untuk pelanggan di Nganjuk.",Nganjuk,081234560758,Hubungi Sekarang
konveksi-mojokerto-759,Jasa Konveksi Mojokerto,"Layanan jasa konveksi cepat, profesional, dan terpercaya untuk pelanggan di Mojokerto.",Mojokerto,081234560759,Hubungi Sekarang
percetakan-pasuruan-760,Jasa Percetakan Pasuruan,"Layanan jasa percetakan cepat, profesional, dan terpercaya untuk pelanggan di Pasuruan.",Pasuruan,081234560760,Hubungi Sekarang
service-ac-kediri-761,Jasa Service AC Profesional Kediri,"Layanan jasa service ac profesional cepat, profesional, dan terpercaya untuk pelanggan di Kediri.",Kediri,081234560761,Hubungi Sekarang
service-kulkas-malang-762,Jasa Service Kulkas Profesional Malang,"Layanan jasa service kulkas profesional cepat, profesional, dan terpercaya untuk pelanggan di Malang.",Malang,081234560762,Hubungi Sekarang
service-mesin-cuci-surabaya-763,Jasa Service Mesin Cuci Surabaya,"Layanan jasa service mesin cuci cepat, profesional, dan terpercaya untuk pelanggan di Surabaya.",Surabaya,081234560763,Hubungi Sekarang
instalasi-listrik-blitar-764,Jasa Instalasi Listrik Blitar,"Layanan jasa instalasi listrik cepat, profesional, dan terpercaya untuk pelanggan di Blitar.",Blitar,081234560764,Hubungi Sekarang
plumbing-tulungagung-765,Jasa Plumbing Profesional Tulungagung,"Layanan jasa plumbing profesional cepat, profesional, dan terpercaya untuk pelanggan di Tulungagung.",Tulungagung,081234560765,Hubungi Sekarang
bengkel-motor-madiun-766,Bengkel Motor Terpercaya Madiun,"Layanan bengkel motor terpercaya cepat, profesional, dan terpercaya untuk pelanggan di Madiun.",Madiun,081234560766,Hubungi Sekarang
cuci-mobil-jombang-767,Jasa Cuci Mobil Jombang,"Layanan jasa cuci mobil cepat, profesional, dan terpercaya untuk pelanggan di Jombang.",Jombang,081234560767,Hubungi Sekarang
cuci-motor-nganjuk-768,Jasa Cuci Motor Nganjuk,"Layanan jasa cuci motor cepat, profesional, dan terpercaya untuk pelanggan di Nganjuk.",Nganjuk,081234560768,Hubungi Sekarang
konveksi-mojokerto-769,Jasa Konveksi Mojokerto,"Layanan jasa konveksi cepat, profesional, dan terpercaya untuk pelanggan di Mojokerto.",Mojokerto,081234560769,Hubungi Sekarang
percetakan-pasuruan-770,Jasa Percetakan Pasuruan,"Layanan jasa percetakan cepat, profesional, dan terpercaya untuk pelanggan di Pasuruan.",Pasuruan,081234560770,Hubungi Sekarang
service-ac-kediri-771,Jasa Service AC Profesional Kediri,"Layanan jasa service ac profesional cepat, profesional, dan terpercaya untuk pelanggan di Kediri.",Kediri,081234560771,Hubungi Sekarang
service-kulkas-malang-772,Jasa Service Kulkas Profesional Malang,"Layanan jasa service kulkas profesional cepat, profesional, dan terpercaya untuk pelanggan di Malang.",Malang,081234560772,Hubungi Sekarang
service-mesin-cuci-surabaya-773,Jasa Service Mesin Cuci Surabaya,"Layanan jasa service mesin cuci cepat, profesional, dan terpercaya untuk pelanggan di Surabaya.",Surabaya,081234560773,Hubungi Sekarang
instalasi-listrik-blitar-774,Jasa Instalasi Listrik Blitar,"Layanan jasa instalasi listrik cepat, profesional, dan terpercaya untuk pelanggan di Blitar.",Blitar,081234560774,Hubungi Sekarang
plumbing-tulungagung-775,Jasa Plumbing Profesional Tulungagung,"Layanan jasa plumbing profesional cepat, profesional, dan terpercaya untuk pelanggan di Tulungagung.",Tulungagung,081234560775,Hubungi Sekarang
bengkel-motor-madiun-776,Bengkel Motor Terpercaya Madiun,"Layanan bengkel motor terpercaya cepat, profesional, dan terpercaya untuk pelanggan di Madiun.",Madiun,081234560776,Hubungi Sekarang
cuci-mobil-jombang-777,Jasa Cuci Mobil Jombang,"Layanan jasa cuci mobil cepat, profesional, dan terpercaya untuk pelanggan di Jombang.",Jombang,081234560777,Hubungi Sekarang
cuci-motor-nganjuk-778,Jasa Cuci Motor Nganjuk,"Layanan jasa cuci motor cepat, profesional, dan terpercaya untuk pelanggan di Nganjuk.",Nganjuk,081234560778,Hubungi Sekarang
konveksi-mojokerto-779,Jasa Konveksi Mojokerto,"Layanan jasa konveksi cepat, profesional, dan terpercaya untuk pelanggan di Mojokerto.",Mojokerto,081234560779,Hubungi Sekarang
percetakan-pasuruan-780,Jasa Percetakan Pasuruan,"Layanan jasa percetakan cepat, profesional, dan terpercaya untuk pelanggan di Pasuruan.",Pasuruan,081234560780,Hubungi Sekarang
service-ac-kediri-781,Jasa Service AC Profesional Kediri,"Layanan jasa service ac profesional cepat, profesional, dan terpercaya untuk pelanggan di Kediri.",Kediri,081234560781,Hubungi Sekarang
service-kulkas-malang-782,Jasa Service Kulkas Profesional Malang,"Layanan jasa service kulkas profesional cepat, profesional, dan terpercaya untuk pelanggan di Malang.",Malang,081234560782,Hubungi Sekarang
service-mesin-cuci-surabaya-783,Jasa Service Mesin Cuci Surabaya,"Layanan jasa service mesin cuci cepat, profesional, dan terpercaya untuk pelanggan di Surabaya.",Surabaya,081234560783,Hubungi Sekarang
instalasi-listrik-blitar-784,Jasa Instalasi Listrik Blitar,"Layanan jasa instalasi listrik cepat, profesional, dan terpercaya untuk pelanggan di Blitar.",Blitar,081234560784,Hubungi Sekarang
plumbing-tulungagung-785,Jasa Plumbing Profesional Tulungagung,"Layanan jasa plumbing profesional cepat, profesional, dan terpercaya untuk pelanggan di Tulungagung.",Tulungagung,081234560785,Hubungi Sekarang
bengkel-motor-madiun-786,Bengkel Motor Terpercaya Madiun,"Layanan bengkel motor terpercaya cepat, profesional, dan terpercaya untuk pelanggan di Madiun.",Madiun,081234560786,Hubungi Sekarang
cuci-mobil-jombang-787,Jasa Cuci Mobil Jombang,"Layanan jasa cuci mobil cepat, profesional, dan terpercaya untuk pelanggan di Jombang.",Jombang,081234560787,Hubungi Sekarang
cuci-motor-nganjuk-788,Jasa Cuci Motor Nganjuk,"Layanan jasa cuci motor cepat, profesional, dan terpercaya untuk pelanggan di Nganjuk.",Nganjuk,081234560788,Hubungi Sekarang
konveksi-mojokerto-789,Jasa Konveksi Mojokerto,"Layanan jasa konveksi cepat, profesional, dan terpercaya untuk pelanggan di Mojokerto.",Mojokerto,081234560789,Hubungi Sekarang
percetakan-pasuruan-790,Jasa Percetakan Pasuruan,"Layanan jasa percetakan cepat, profesional, dan terpercaya untuk pelanggan di Pasuruan.",Pasuruan,081234560790,Hubungi Sekarang
service-ac-kediri-791,Jasa Service AC Profesional Kediri,"Layanan jasa service ac profesional cepat, profesional, dan terpercaya untuk pelanggan di Kediri.",Kediri,081234560791,Hubungi Sekarang
service-kulkas-malang-792,Jasa Service Kulkas Profesional Malang,"Layanan jasa service kulkas profesional cepat, profesional, dan terpercaya untuk pelanggan di Malang.",Malang,081234560792,Hubungi Sekarang
service-mesin-cuci-surabaya-793,Jasa Service Mesin Cuci Surabaya,"Layanan jasa service mesin cuci cepat, profesional, dan terpercaya untuk pelanggan di Surabaya.",Surabaya,081234560793,Hubungi Sekarang
instalasi-listrik-blitar-794,Jasa Instalasi Listrik Blitar,"Layanan jasa instalasi listrik cepat, profesional, dan terpercaya untuk pelanggan di Blitar.",Blitar,081234560794,Hubungi Sekarang
plumbing-tulungagung-795,Jasa Plumbing Profesional Tulungagung,"Layanan jasa plumbing profesional cepat, profesional, dan terpercaya untuk pelanggan di Tulungagung.",Tulungagung,081234560795,Hubungi Sekarang
bengkel-motor-madiun-796,Bengkel Motor Terpercaya Madiun,"Layanan bengkel motor terpercaya cepat, profesional, dan terpercaya untuk pelanggan di Madiun.",Madiun,081234560796,Hubungi Sekarang
cuci-mobil-jombang-797,Jasa Cuci Mobil Jombang,"Layanan jasa cuci mobil cepat, profesional, dan terpercaya untuk pelanggan di Jombang.",Jombang,081234560797,Hubungi Sekarang
cuci-motor-nganjuk-798,Jasa Cuci Motor Nganjuk,"Layanan jasa cuci motor cepat, profesional, dan terpercaya untuk pelanggan di Nganjuk.",Nganjuk,081234560798,Hubungi Sekarang
konveksi-mojokerto-799,Jasa Konveksi Mojokerto,"Layanan jasa konveksi cepat, profesional, dan terpercaya untuk pelanggan di Mojokerto.",Mojokerto,081234560799,Hubungi Sekarang
percetakan-pasuruan-800,Jasa Percetakan Pasuruan,"Layanan jasa percetakan cepat, profesional, dan terpercaya untuk pelanggan di Pasuruan.",Pasuruan,081234560800,Hubungi Sekarang
service-ac-kediri-801,Jasa Service AC Profesional Kediri,"Layanan jasa service ac profesional cepat, profesional, dan terpercaya untuk pelanggan di Kediri.",Kediri,081234560801,Hubungi Sekarang
service-kulkas-malang-802,Jasa Service Kulkas Profesional Malang,"Layanan jasa service kulkas profesional cepat, profesional, dan terpercaya untuk pelanggan di Malang.",Malang,081234560802,Hubungi Sekarang
service-mesin-cuci-surabaya-803,Jasa Service Mesin Cuci Surabaya,"Layanan jasa service mesin cuci cepat, profesional, dan terpercaya untuk pelanggan di Surabaya.",Surabaya,081234560803,Hubungi Sekarang
instalasi-listrik-blitar-804,Jasa Instalasi Listrik Blitar,"Layanan jasa instalasi listrik cepat, profesional, dan terpercaya untuk pelanggan di Blitar.",Blitar,081234560804,Hubungi Sekarang
plumbing-tulungagung-805,Jasa Plumbing Profesional Tulungagung,"Layanan jasa plumbing profesional cepat, profesional, dan terpercaya untuk pelanggan di Tulungagung.",Tulungagung,081234560805,Hubungi Sekarang
bengkel-motor-madiun-806,Bengkel Motor Terpercaya Madiun,"Layanan bengkel motor terpercaya cepat, profesional, dan terpercaya untuk pelanggan di Madiun.",Madiun,081234560806,Hubungi Sekarang
cuci-mobil-jombang-807,Jasa Cuci Mobil Jombang,"Layanan jasa cuci mobil cepat, profesional, dan terpercaya untuk pelanggan di Jombang.",Jombang,081234560807,Hubungi Sekarang
cuci-motor-nganjuk-808,Jasa Cuci Motor Nganjuk,"Layanan jasa cuci motor cepat, profesional, dan terpercaya untuk pelanggan di Nganjuk.",Nganjuk,081234560808,Hubungi Sekarang
konveksi-mojokerto-809,Jasa Konveksi Mojokerto,"Layanan jasa konveksi cepat, profesional, dan terpercaya untuk pelanggan di Mojokerto.",Mojokerto,081234560809,Hubungi Sekarang
percetakan-pasuruan-810,Jasa Percetakan Pasuruan,"Layanan jasa percetakan cepat, profesional, dan terpercaya untuk pelanggan di Pasuruan.",Pasuruan,081234560810,Hubungi Sekarang
service-ac-kediri-811,Jasa Service AC Profesional Kediri,"Layanan jasa service ac profesional cepat, profesional, dan terpercaya untuk pelanggan di Kediri.",Kediri,081234560811,Hubungi Sekarang
service-kulkas-malang-812,Jasa Service Kulkas Profesional Malang,"Layanan jasa service kulkas profesional cepat, profesional, dan terpercaya untuk pelanggan di Malang.",Malang,081234560812,Hubungi Sekarang
service-mesin-cuci-surabaya-813,Jasa Service Mesin Cuci Surabaya,"Layanan jasa service mesin cuci cepat, profesional, dan terpercaya untuk pelanggan di Surabaya.",Surabaya,081234560813,Hubungi Sekarang
instalasi-listrik-blitar-814,Jasa Instalasi Listrik Blitar,"Layanan jasa instalasi listrik cepat, profesional, dan terpercaya untuk pelanggan di Blitar.",Blitar,081234560814,Hubungi Sekarang
plumbing-tulungagung-815,Jasa Plumbing Profesional Tulungagung,"Layanan jasa plumbing profesional cepat, profesional, dan terpercaya untuk pelanggan di Tulungagung.",Tulungagung,081234560815,Hubungi Sekarang
bengkel-motor-madiun-816,Bengkel Motor Terpercaya Madiun,"Layanan bengkel motor terpercaya cepat, profesional, dan terpercaya untuk pelanggan di Madiun.",Madiun,081234560816,Hubungi Sekarang
cuci-mobil-jombang-817,Jasa Cuci Mobil Jombang,"Layanan jasa cuci mobil cepat, profesional, dan terpercaya untuk pelanggan di Jombang.",Jombang,081234560817,Hubungi Sekarang
cuci-motor-nganjuk-818,Jasa Cuci Motor Nganjuk,"Layanan jasa cuci motor cepat, profesional, dan terpercaya untuk pelanggan di Nganjuk.",Nganjuk,081234560818,Hubungi Sekarang
konveksi-mojokerto-819,Jasa Konveksi Mojokerto,"Layanan jasa konveksi cepat, profesional, dan terpercaya untuk pelanggan di Mojokerto.",Mojokerto,081234560819,Hubungi Sekarang
percetakan-pasuruan-820,Jasa Percetakan Pasuruan,"Layanan jasa percetakan cepat, profesional, dan terpercaya untuk pelanggan di Pasuruan.",Pasuruan,081234560820,Hubungi Sekarang
service-ac-kediri-821,Jasa Service AC Profesional Kediri,"Layanan jasa service ac profesional cepat, profesional, dan terpercaya untuk pelanggan di Kediri.",Kediri,081234560821,Hubungi Sekarang
service-kulkas-malang-822,Jasa Service Kulkas Profesional Malang,"Layanan jasa service kulkas profesional cepat, profesional, dan terpercaya untuk pelanggan di Malang.",Malang,081234560822,Hubungi Sekarang
service-mesin-cuci-surabaya-823,Jasa Service Mesin Cuci Surabaya,"Layanan jasa service mesin cuci cepat, profesional, dan terpercaya untuk pelanggan di Surabaya.",Surabaya,081234560823,Hubungi Sekarang
instalasi-listrik-blitar-824,Jasa Instalasi Listrik Blitar,"Layanan jasa instalasi listrik cepat, profesional, dan terpercaya untuk pelanggan di Blitar.",Blitar,081234560824,Hubungi Sekarang
plumbing-tulungagung-825,Jasa Plumbing Profesional Tulungagung,"Layanan jasa plumbing profesional cepat, profesional, dan terpercaya untuk pelanggan di Tulungagung.",Tulungagung,081234560825,Hubungi Sekarang
bengkel-motor-madiun-826,Bengkel Motor Terpercaya Madiun,"Layanan bengkel motor terpercaya cepat, profesional, dan terpercaya untuk pelanggan di Madiun.",Madiun,081234560826,Hubungi Sekarang
cuci-mobil-jombang-827,Jasa Cuci Mobil Jombang,"Layanan jasa cuci mobil cepat, profesional, dan terpercaya untuk pelanggan di Jombang.",Jombang,081234560827,Hubungi Sekarang
cuci-motor-nganjuk-828,Jasa Cuci Motor Nganjuk,"Layanan jasa cuci motor cepat, profesional, dan terpercaya untuk pelanggan di Nganjuk.",Nganjuk,081234560828,Hubungi Sekarang
konveksi-mojokerto-829,Jasa Konveksi Mojokerto,"Layanan jasa konveksi cepat, profesional, dan terpercaya untuk pelanggan di Mojokerto.",Mojokerto,081234560829,Hubungi Sekarang
percetakan-pasuruan-830,Jasa Percetakan Pasuruan,"Layanan jasa percetakan cepat, profesional, dan terpercaya untuk pelanggan di Pasuruan.",Pasuruan,081234560830,Hubungi Sekarang
service-ac-kediri-831,Jasa Service AC Profesional Kediri,"Layanan jasa service ac profesional cepat, profesional, dan terpercaya untuk pelanggan di Kediri.",Kediri,081234560831,Hubungi Sekarang
service-kulkas-malang-832,Jasa Service Kulkas Profesional Malang,"Layanan jasa service kulkas profesional cepat, profesional, dan terpercaya untuk pelanggan di Malang.",Malang,081234560832,Hubungi Sekarang
service-mesin-cuci-surabaya-833,Jasa Service Mesin Cuci Surabaya,"Layanan jasa service mesin cuci cepat, profesional, dan terpercaya untuk pelanggan di Surabaya.",Surabaya,081234560833,Hubungi Sekarang
instalasi-listrik-blitar-834,Jasa Instalasi Listrik Blitar,"Layanan jasa instalasi listrik cepat, profesional, dan terpercaya untuk pelanggan di Blitar.",Blitar,081234560834,Hubungi Sekarang
plumbing-tulungagung-835,Jasa Plumbing Profesional Tulungagung,"Layanan jasa plumbing profesional cepat, profesional, dan terpercaya untuk pelanggan di Tulungagung.",Tulungagung,081234560835,Hubungi Sekarang
bengkel-motor-madiun-836,Bengkel Motor Terpercaya Madiun,"Layanan bengkel motor terpercaya cepat, profesional, dan terpercaya untuk pelanggan di Madiun.",Madiun,081234560836,Hubungi Sekarang
cuci-mobil-jombang-837,Jasa Cuci Mobil Jombang,"Layanan jasa cuci mobil cepat, profesional, dan terpercaya untuk pelanggan di Jombang.",Jombang,081234560837,Hubungi Sekarang
cuci-motor-nganjuk-838,Jasa Cuci Motor Nganjuk,"Layanan jasa cuci motor cepat, profesional, dan terpercaya untuk pelanggan di Nganjuk.",Nganjuk,081234560838,Hubungi Sekarang
konveksi-mojokerto-839,Jasa Konveksi Mojokerto,"Layanan jasa konveksi cepat, profesional, dan terpercaya untuk pelanggan di Mojokerto.",Mojokerto,081234560839,Hubungi Sekarang
percetakan-pasuruan-840,Jasa Percetakan Pasuruan,"Layanan jasa percetakan cepat, profesional, dan terpercaya untuk pelanggan di Pasuruan.",Pasuruan,081234560840,Hubungi Sekarang
service-ac-kediri-841,Jasa Service AC Profesional Kediri,"Layanan jasa service ac profesional cepat, profesional, dan terpercaya untuk pelanggan di Kediri.",Kediri,081234560841,Hubungi Sekarang
service-kulkas-malang-842,Jasa Service Kulkas Profesional Malang,"Layanan jasa service kulkas profesional cepat, profesional, dan terpercaya untuk pelanggan di Malang.",Malang,081234560842,Hubungi Sekarang
service-mesin-cuci-surabaya-843,Jasa Service Mesin Cuci Surabaya,"Layanan jasa service mesin cuci cepat, profesional, dan terpercaya untuk pelanggan di Surabaya.",Surabaya,081234560843,Hubungi Sekarang
instalasi-listrik-blitar-844,Jasa Instalasi Listrik Blitar,"Layanan jasa instalasi listrik cepat, profesional, dan terpercaya untuk pelanggan di Blitar.",Blitar,081234560844,Hubungi Sekarang
plumbing-tulungagung-845,Jasa Plumbing Profesional Tulungagung,"Layanan jasa plumbing profesional cepat, profesional, dan terpercaya untuk pelanggan di Tulungagung.",Tulungagung,081234560845,Hubungi Sekarang
bengkel-motor-madiun-846,Bengkel Motor Terpercaya Madiun,"Layanan bengkel motor terpercaya cepat, profesional, dan terpercaya untuk pelanggan di Madiun.",Madiun,081234560846,Hubungi Sekarang
cuci-mobil-jombang-847,Jasa Cuci Mobil Jombang,"Layanan jasa cuci mobil cepat, profesional, dan terpercaya untuk pelanggan di Jombang.",Jombang,081234560847,Hubungi Sekarang
cuci-motor-nganjuk-848,Jasa Cuci Motor Nganjuk,"Layanan jasa cuci motor cepat, profesional, dan terpercaya untuk pelanggan di Nganjuk.",Nganjuk,081234560848,Hubungi Sekarang
konveksi-mojokerto-849,Jasa Konveksi Mojokerto,"Layanan jasa konveksi cepat, profesional, dan terpercaya untuk pelanggan di Mojokerto.",Mojokerto,081234560849,Hubungi Sekarang
percetakan-pasuruan-850,Jasa Percetakan Pasuruan,"Layanan jasa percetakan cepat, profesional, dan terpercaya untuk pelanggan di Pasuruan.",Pasuruan,081234560850,Hubungi Sekarang
service-ac-kediri-851,Jasa Service AC Profesional Kediri,"Layanan jasa service ac profesional cepat, profesional, dan terpercaya untuk pelanggan di Kediri.",Kediri,081234560851,Hubungi Sekarang
service-kulkas-malang-852,Jasa Service Kulkas Profesional Malang,"Layanan jasa service kulkas profesional cepat, profesional, dan terpercaya untuk pelanggan di Malang.",Malang,081234560852,Hubungi Sekarang
service-mesin-cuci-surabaya-853,Jasa Service Mesin Cuci Surabaya,"Layanan jasa service mesin cuci cepat, profesional, dan terpercaya untuk pelanggan di Surabaya.",Surabaya,081234560853,Hubungi Sekarang
instalasi-listrik-blitar-854,Jasa Instalasi Listrik Blitar,"Layanan jasa instalasi listrik cepat, profesional, dan terpercaya untuk pelanggan di Blitar.",Blitar,081234560854,Hubungi Sekarang
plumbing-tulungagung-855,Jasa Plumbing Profesional Tulungagung,"Layanan jasa plumbing profesional cepat, profesional, dan terpercaya untuk pelanggan di Tulungagung.",Tulungagung,081234560855,Hubungi Sekarang
bengkel-motor-madiun-856,Bengkel Motor Terpercaya Madiun,"Layanan bengkel motor terpercaya cepat, profesional, dan terpercaya untuk pelanggan di Madiun.",Madiun,081234560856,Hubungi Sekarang
cuci-mobil-jombang-857,Jasa Cuci Mobil Jombang,"Layanan jasa cuci mobil cepat, profesional, dan terpercaya untuk pelanggan di Jombang.",Jombang,081234560857,Hubungi Sekarang
cuci-motor-nganjuk-858,Jasa Cuci Motor Nganjuk,"Layanan jasa cuci motor cepat, profesional, dan terpercaya untuk pelanggan di Nganjuk.",Nganjuk,081234560858,Hubungi Sekarang
konveksi-mojokerto-859,Jasa Konveksi Mojokerto,"Layanan jasa konveksi cepat, profesional, dan terpercaya untuk pelanggan di Mojokerto.",Mojokerto,081234560859,Hubungi Sekarang
percetakan-pasuruan-860,Jasa Percetakan Pasuruan,"Layanan jasa percetakan cepat, profesional, dan terpercaya untuk pelanggan di Pasuruan.",Pasuruan,081234560860,Hubungi Sekarang
service-ac-kediri-861,Jasa Service AC Profesional Kediri,"Layanan jasa service ac profesional cepat, profesional, dan terpercaya untuk pelanggan di Kediri.",Kediri,081234560861,Hubungi Sekarang
service-kulkas-malang-862,Jasa Service Kulkas Profesional Malang,"Layanan jasa service kulkas profesional cepat, profesional, dan terpercaya untuk pelanggan di Malang.",Malang,081234560862,Hubungi Sekarang
service-mesin-cuci-surabaya-863,Jasa Service Mesin Cuci Surabaya,"Layanan jasa service mesin cuci cepat, profesional, dan terpercaya untuk pelanggan di Surabaya.",Surabaya,081234560863,Hubungi Sekarang
instalasi-listrik-blitar-864,Jasa Instalasi Listrik Blitar,"Layanan jasa instalasi listrik cepat, profesional, dan terpercaya untuk pelanggan di Blitar.",Blitar,081234560864,Hubungi Sekarang
plumbing-tulungagung-865,Jasa Plumbing Profesional Tulungagung,"Layanan jasa plumbing profesional cepat, profesional, dan terpercaya untuk pelanggan di Tulungagung.",Tulungagung,081234560865,Hubungi Sekarang
bengkel-motor-madiun-866,Bengkel Motor Terpercaya Madiun,"Layanan bengkel motor terpercaya cepat, profesional, dan terpercaya untuk pelanggan di Madiun.",Madiun,081234560866,Hubungi Sekarang
cuci-mobil-jombang-867,Jasa Cuci Mobil Jombang,"Layanan jasa cuci mobil cepat, profesional, dan terpercaya untuk pelanggan di Jombang.",Jombang,081234560867,Hubungi Sekarang
cuci-motor-nganjuk-868,Jasa Cuci Motor Nganjuk,"Layanan jasa cuci motor cepat, profesional, dan terpercaya untuk pelanggan di Nganjuk.",Nganjuk,081234560868,Hubungi Sekarang
konveksi-mojokerto-869,Jasa Konveksi Mojokerto,"Layanan jasa konveksi cepat, profesional, dan terpercaya untuk pelanggan di Mojokerto.",Mojokerto,081234560869,Hubungi Sekarang
percetakan-pasuruan-870,Jasa Percetakan Pasuruan,"Layanan jasa percetakan cepat, profesional, dan terpercaya untuk pelanggan di Pasuruan.",Pasuruan,081234560870,Hubungi Sekarang
service-ac-kediri-871,Jasa Service AC Profesional Kediri,"Layanan jasa service ac profesional cepat, profesional, dan terpercaya untuk pelanggan di Kediri.",Kediri,081234560871,Hubungi Sekarang
service-kulkas-malang-872,Jasa Service Kulkas Profesional Malang,"Layanan jasa service kulkas profesional cepat, profesional, dan terpercaya untuk pelanggan di Malang.",Malang,081234560872,Hubungi Sekarang
service-mesin-cuci-surabaya-873,Jasa Service Mesin Cuci Surabaya,"Layanan jasa service mesin cuci cepat, profesional, dan terpercaya untuk pelanggan di Surabaya.",Surabaya,081234560873,Hubungi Sekarang
instalasi-listrik-blitar-874,Jasa Instalasi Listrik Blitar,"Layanan jasa instalasi listrik cepat, profesional, dan terpercaya untuk pelanggan di Blitar.",Blitar,081234560874,Hubungi Sekarang
plumbing-tulungagung-875,Jasa Plumbing Profesional Tulungagung,"Layanan jasa plumbing profesional cepat, profesional, dan terpercaya untuk pelanggan di Tulungagung.",Tulungagung,081234560875,Hubungi Sekarang
bengkel-motor-madiun-876,Bengkel Motor Terpercaya Madiun,"Layanan bengkel motor terpercaya cepat, profesional, dan terpercaya untuk pelanggan di Madiun.",Madiun,081234560876,Hubungi Sekarang
cuci-mobil-jombang-877,Jasa Cuci Mobil Jombang,"Layanan jasa cuci mobil cepat, profesional, dan terpercaya untuk pelanggan di Jombang.",Jombang,081234560877,Hubungi Sekarang
cuci-motor-nganjuk-878,Jasa Cuci Motor Nganjuk,"Layanan jasa cuci motor cepat, profesional, dan terpercaya untuk pelanggan di Nganjuk.",Nganjuk,081234560878,Hubungi Sekarang
konveksi-mojokerto-879,Jasa Konveksi Mojokerto,"Layanan jasa konveksi cepat, profesional, dan terpercaya untuk pelanggan di Mojokerto.",Mojokerto,081234560879,Hubungi Sekarang
percetakan-pasuruan-880,Jasa Percetakan Pasuruan,"Layanan jasa percetakan cepat, profesional, dan terpercaya untuk pelanggan di Pasuruan.",Pasuruan,081234560880,Hubungi Sekarang
service-ac-kediri-881,Jasa Service AC Profesional Kediri,"Layanan jasa service ac profesional cepat, profesional, dan terpercaya untuk pelanggan di Kediri.",Kediri,081234560881,Hubungi Sekarang
service-kulkas-malang-882,Jasa Service Kulkas Profesional Malang,"Layanan jasa service kulkas profesional cepat, profesional, dan terpercaya untuk pelanggan di Malang.",Malang,081234560882,Hubungi Sekarang
service-mesin-cuci-surabaya-883,Jasa Service Mesin Cuci Surabaya,"Layanan jasa service mesin cuci cepat, profesional, dan terpercaya untuk pelanggan di Surabaya.",Surabaya,081234560883,Hubungi Sekarang
instalasi-listrik-blitar-884,Jasa Instalasi Listrik Blitar,"Layanan jasa instalasi listrik cepat, profesional, dan terpercaya untuk pelanggan di Blitar.",Blitar,081234560884,Hubungi Sekarang
plumbing-tulungagung-885,Jasa Plumbing Profesional Tulungagung,"Layanan jasa plumbing profesional cepat, profesional, dan terpercaya untuk pelanggan di Tulungagung.",Tulungagung,081234560885,Hubungi Sekarang
bengkel-motor-madiun-886,Bengkel Motor Terpercaya Madiun,"Layanan bengkel motor terpercaya cepat, profesional, dan terpercaya untuk pelanggan di Madiun.",Madiun,081234560886,Hubungi Sekarang
cuci-mobil-jombang-887,Jasa Cuci Mobil Jombang,"Layanan jasa cuci mobil cepat, profesional, dan terpercaya untuk pelanggan di Jombang.",Jombang,081234560887,Hubungi Sekarang
cuci-motor-nganjuk-888,Jasa Cuci Motor Nganjuk,"Layanan jasa cuci motor cepat, profesional, dan terpercaya untuk pelanggan di Nganjuk.",Nganjuk,081234560888,Hubungi Sekarang
konveksi-mojokerto-889,Jasa Konveksi Mojokerto,"Layanan jasa konveksi cepat, profesional, dan terpercaya untuk pelanggan di Mojokerto.",Mojokerto,081234560889,Hubungi Sekarang
percetakan-pasuruan-890,Jasa Percetakan Pasuruan,"Layanan jasa percetakan cepat, profesional, dan terpercaya untuk pelanggan di Pasuruan.",Pasuruan,081234560890,Hubungi Sekarang
service-ac-kediri-891,Jasa Service AC Profesional Kediri,"Layanan jasa service ac profesional cepat, profesional, dan terpercaya untuk pelanggan di Kediri.",Kediri,081234560891,Hubungi Sekarang
service-kulkas-malang-892,Jasa Service Kulkas Profesional Malang,"Layanan jasa service kulkas profesional cepat, profesional, dan terpercaya untuk pelanggan di Malang.",Malang,081234560892,Hubungi Sekarang
service-mesin-cuci-surabaya-893,Jasa Service Mesin Cuci Surabaya,"Layanan jasa service mesin cuci cepat, profesional, dan terpercaya untuk pelanggan di Surabaya.",Surabaya,081234560893,Hubungi Sekarang
instalasi-listrik-blitar-894,Jasa Instalasi Listrik Blitar,"Layanan jasa instalasi listrik cepat, profesional, dan terpercaya untuk pelanggan di Blitar.",Blitar,081234560894,Hubungi Sekarang
plumbing-tulungagung-895,Jasa Plumbing Profesional Tulungagung,"Layanan jasa plumbing profesional cepat, profesional, dan terpercaya untuk pelanggan di Tulungagung.",Tulungagung,081234560895,Hubungi Sekarang
bengkel-motor-madiun-896,Bengkel Motor Terpercaya Madiun,"Layanan bengkel motor terpercaya cepat, profesional, dan terpercaya untuk pelanggan di Madiun.",Madiun,081234560896,Hubungi Sekarang
cuci-mobil-jombang-897,Jasa Cuci Mobil Jombang,"Layanan jasa cuci mobil cepat, profesional, dan terpercaya untuk pelanggan di Jombang.",Jombang,081234560897,Hubungi Sekarang
cuci-motor-nganjuk-898,Jasa Cuci Motor Nganjuk,"Layanan jasa cuci motor cepat, profesional, dan terpercaya untuk pelanggan di Nganjuk.",Nganjuk,081234560898,Hubungi Sekarang
konveksi-mojokerto-899,Jasa Konveksi Mojokerto,"Layanan jasa konveksi cepat, profesional, dan terpercaya untuk pelanggan di Mojokerto.",Mojokerto,081234560899,Hubungi Sekarang
percetakan-pasuruan-900,Jasa Percetakan Pasuruan,"Layanan jasa percetakan cepat, profesional, dan terpercaya untuk pelanggan di Pasuruan.",Pasuruan,081234560900,Hubungi Sekarang
service-ac-kediri-901,Jasa Service AC Profesional Kediri,"Layanan jasa service ac profesional cepat, profesional, dan terpercaya untuk pelanggan di Kediri.",Kediri,081234560901,Hubungi Sekarang
service-kulkas-malang-902,Jasa Service Kulkas Profesional Malang,"Layanan jasa service kulkas profesional cepat, profesional, dan terpercaya untuk pelanggan di Malang.",Malang,081234560902,Hubungi Sekarang
service-mesin-cuci-surabaya-903,Jasa Service Mesin Cuci Surabaya,"Layanan jasa service mesin cuci cepat, profesional, dan terpercaya untuk pelanggan di Surabaya.",Surabaya,081234560903,Hubungi Sekarang
instalasi-listrik-blitar-904,Jasa Instalasi Listrik Blitar,"Layanan jasa instalasi listrik cepat, profesional, dan terpercaya untuk pelanggan di Blitar.",Blitar,081234560904,Hubungi Sekarang
plumbing-tulungagung-905,Jasa Plumbing Profesional Tulungagung,"Layanan jasa plumbing profesional cepat, profesional, dan terpercaya untuk pelanggan di Tulungagung.",Tulungagung,081234560905,Hubungi Sekarang
bengkel-motor-madiun-906,Bengkel Motor Terpercaya Madiun,"Layanan bengkel motor terpercaya cepat, profesional, dan terpercaya untuk pelanggan di Madiun.",Madiun,081234560906,Hubungi Sekarang
cuci-mobil-jombang-907,Jasa Cuci Mobil Jombang,"Layanan jasa cuci mobil cepat, profesional, dan terpercaya untuk pelanggan di Jombang.",Jombang,081234560907,Hubungi Sekarang
cuci-motor-nganjuk-908,Jasa Cuci Motor Nganjuk,"Layanan jasa cuci motor cepat, profesional, dan terpercaya untuk pelanggan di Nganjuk.",Nganjuk,081234560908,Hubungi Sekarang
konveksi-mojokerto-909,Jasa Konveksi Mojokerto,"Layanan jasa konveksi cepat, profesional, dan terpercaya untuk pelanggan di Mojokerto.",Mojokerto,081234560909,Hubungi Sekarang
percetakan-pasuruan-910,Jasa Percetakan Pasuruan,"Layanan jasa percetakan cepat, profesional, dan terpercaya untuk pelanggan di Pasuruan.",Pasuruan,081234560910,Hubungi Sekarang
service-ac-kediri-911,Jasa Service AC Profesional Kediri,"Layanan jasa service ac profesional cepat, profesional, dan terpercaya untuk pelanggan di Kediri.",Kediri,081234560911,Hubungi Sekarang
service-kulkas-malang-912,Jasa Service Kulkas Profesional Malang,"Layanan jasa service kulkas profesional cepat, profesional, dan terpercaya untuk pelanggan di Malang.",Malang,081234560912,Hubungi Sekarang
service-mesin-cuci-surabaya-913,Jasa Service Mesin Cuci Surabaya,"Layanan jasa service mesin cuci cepat, profesional, dan terpercaya untuk pelanggan di Surabaya.",Surabaya,081234560913,Hubungi Sekarang
instalasi-listrik-blitar-914,Jasa Instalasi Listrik Blitar,"Layanan jasa instalasi listrik cepat, profesional, dan terpercaya untuk pelanggan di Blitar.",Blitar,081234560914,Hubungi Sekarang
plumbing-tulungagung-915,Jasa Plumbing Profesional Tulungagung,"Layanan jasa plumbing profesional cepat, profesional, dan terpercaya untuk pelanggan di Tulungagung.",Tulungagung,081234560915,Hubungi Sekarang
bengkel-motor-madiun-916,Bengkel Motor Terpercaya Madiun,"Layanan bengkel motor terpercaya cepat, profesional, dan terpercaya untuk pelanggan di Madiun.",Madiun,081234560916,Hubungi Sekarang
cuci-mobil-jombang-917,Jasa Cuci Mobil Jombang,"Layanan jasa cuci mobil cepat, profesional, dan terpercaya untuk pelanggan di Jombang.",Jombang,081234560917,Hubungi Sekarang
cuci-motor-nganjuk-918,Jasa Cuci Motor Nganjuk,"Layanan jasa cuci motor cepat, profesional, dan terpercaya untuk pelanggan di Nganjuk.",Nganjuk,081234560918,Hubungi Sekarang
konveksi-mojokerto-919,Jasa Konveksi Mojokerto,"Layanan jasa konveksi cepat, profesional, dan terpercaya untuk pelanggan di Mojokerto.",Mojokerto,081234560919,Hubungi Sekarang
percetakan-pasuruan-920,Jasa Percetakan Pasuruan,"Layanan jasa percetakan cepat, profesional, dan terpercaya untuk pelanggan di Pasuruan.",Pasuruan,081234560920,Hubungi Sekarang
service-ac-kediri-921,Jasa Service AC Profesional Kediri,"Layanan jasa service ac profesional cepat, profesional, dan terpercaya untuk pelanggan di Kediri.",Kediri,081234560921,Hubungi Sekarang
service-kulkas-malang-922,Jasa Service Kulkas Profesional Malang,"Layanan jasa service kulkas profesional cepat, profesional, dan terpercaya untuk pelanggan di Malang.",Malang,081234560922,Hubungi Sekarang
service-mesin-cuci-surabaya-923,Jasa Service Mesin Cuci Surabaya,"Layanan jasa service mesin cuci cepat, profesional, dan terpercaya untuk pelanggan di Surabaya.",Surabaya,081234560923,Hubungi Sekarang
instalasi-listrik-blitar-924,Jasa Instalasi Listrik Blitar,"Layanan jasa instalasi listrik cepat, profesional, dan terpercaya untuk pelanggan di Blitar.",Blitar,081234560924,Hubungi Sekarang
plumbing-tulungagung-925,Jasa Plumbing Profesional Tulungagung,"Layanan jasa plumbing profesional cepat, profesional, dan terpercaya untuk pelanggan di Tulungagung.",Tulungagung,081234560925,Hubungi Sekarang
bengkel-motor-madiun-926,Bengkel Motor Terpercaya Madiun,"Layanan bengkel motor terpercaya cepat, profesional, dan terpercaya untuk pelanggan di Madiun.",Madiun,081234560926,Hubungi Sekarang
cuci-mobil-jombang-927,Jasa Cuci Mobil Jombang,"Layanan jasa cuci mobil cepat, profesional, dan terpercaya untuk pelanggan di Jombang.",Jombang,081234560927,Hubungi Sekarang
cuci-motor-nganjuk-928,Jasa Cuci Motor Nganjuk,"Layanan jasa cuci motor cepat, profesional, dan terpercaya untuk pelanggan di Nganjuk.",Nganjuk,081234560928,Hubungi Sekarang
konveksi-mojokerto-929,Jasa Konveksi Mojokerto,"Layanan jasa konveksi cepat, profesional, dan terpercaya untuk pelanggan di Mojokerto.",Mojokerto,081234560929,Hubungi Sekarang
percetakan-pasuruan-930,Jasa Percetakan Pasuruan,"Layanan jasa percetakan cepat, profesional, dan terpercaya untuk pelanggan di Pasuruan.",Pasuruan,081234560930,Hubungi Sekarang
service-ac-kediri-931,Jasa Service AC Profesional Kediri,"Layanan jasa service ac profesional cepat, profesional, dan terpercaya untuk pelanggan di Kediri.",Kediri,081234560931,Hubungi Sekarang
service-kulkas-malang-932,Jasa Service Kulkas Profesional Malang,"Layanan jasa service kulkas profesional cepat, profesional, dan terpercaya untuk pelanggan di Malang.",Malang,081234560932,Hubungi Sekarang
service-mesin-cuci-surabaya-933,Jasa Service Mesin Cuci Surabaya,"Layanan jasa service mesin cuci cepat, profesional, dan terpercaya untuk pelanggan di Surabaya.",Surabaya,081234560933,Hubungi Sekarang
instalasi-listrik-blitar-934,Jasa Instalasi Listrik Blitar,"Layanan jasa instalasi listrik cepat, profesional, dan terpercaya untuk pelanggan di Blitar.",Blitar,081234560934,Hubungi Sekarang
plumbing-tulungagung-935,Jasa Plumbing Profesional Tulungagung,"Layanan jasa plumbing profesional cepat, profesional, dan terpercaya untuk pelanggan di Tulungagung.",Tulungagung,081234560935,Hubungi Sekarang
bengkel-motor-madiun-936,Bengkel Motor Terpercaya Madiun,"Layanan bengkel motor terpercaya cepat, profesional, dan terpercaya untuk pelanggan di Madiun.",Madiun,081234560936,Hubungi Sekarang
cuci-mobil-jombang-937,Jasa Cuci Mobil Jombang,"Layanan jasa cuci mobil cepat, profesional, dan terpercaya untuk pelanggan di Jombang.",Jombang,081234560937,Hubungi Sekarang
cuci-motor-nganjuk-938,Jasa Cuci Motor Nganjuk,"Layanan jasa cuci motor cepat, profesional, dan terpercaya untuk pelanggan di Nganjuk.",Nganjuk,081234560938,Hubungi Sekarang
konveksi-mojokerto-939,Jasa Konveksi Mojokerto,"Layanan jasa konveksi cepat, profesional, dan terpercaya untuk pelanggan di Mojokerto.",Mojokerto,081234560939,Hubungi Sekarang
percetakan-pasuruan-940,Jasa Percetakan Pasuruan,"Layanan jasa percetakan cepat, profesional, dan terpercaya untuk pelanggan di Pasuruan.",Pasuruan,081234560940,Hubungi Sekarang
service-ac-kediri-941,Jasa Service AC Profesional Kediri,"Layanan jasa service ac profesional cepat, profesional, dan terpercaya untuk pelanggan di Kediri.",Kediri,081234560941,Hubungi Sekarang
service-kulkas-malang-942,Jasa Service Kulkas Profesional Malang,"Layanan jasa service kulkas profesional cepat, profesional, dan terpercaya untuk pelanggan di Malang.",Malang,081234560942,Hubungi Sekarang
service-mesin-cuci-surabaya-943,Jasa Service Mesin Cuci Surabaya,"Layanan jasa service mesin cuci cepat, profesional, dan terpercaya untuk pelanggan di Surabaya.",Surabaya,081234560943,Hubungi Sekarang
instalasi-listrik-blitar-944,Jasa Instalasi Listrik Blitar,"Layanan jasa instalasi listrik cepat, profesional, dan terpercaya untuk pelanggan di Blitar.",Blitar,081234560944,Hubungi Sekarang
plumbing-tulungagung-945,Jasa Plumbing Profesional Tulungagung,"Layanan jasa plumbing profesional cepat, profesional, dan terpercaya untuk pelanggan di Tulungagung.",Tulungagung,081234560945,Hubungi Sekarang
bengkel-motor-madiun-946,Bengkel Motor Terpercaya Madiun,"Layanan bengkel motor terpercaya cepat, profesional, dan terpercaya untuk pelanggan di Madiun.",Madiun,081234560946,Hubungi Sekarang
cuci-mobil-jombang-947,Jasa Cuci Mobil Jombang,"Layanan jasa cuci mobil cepat, profesional, dan terpercaya untuk pelanggan di Jombang.",Jombang,081234560947,Hubungi Sekarang
cuci-motor-nganjuk-948,Jasa Cuci Motor Nganjuk,"Layanan jasa cuci motor cepat, profesional, dan terpercaya untuk pelanggan di Nganjuk.",Nganjuk,081234560948,Hubungi Sekarang
konveksi-mojokerto-949,Jasa Konveksi Mojokerto,"Layanan jasa konveksi cepat, profesional, dan terpercaya untuk pelanggan di Mojokerto.",Mojokerto,081234560949,Hubungi Sekarang
percetakan-pasuruan-950,Jasa Percetakan Pasuruan,"Layanan jasa percetakan cepat, profesional, dan terpercaya untuk pelanggan di Pasuruan.",Pasuruan,081234560950,Hubungi Sekarang
service-ac-kediri-951,Jasa Service AC Profesional Kediri,"Layanan jasa service ac profesional cepat, profesional, dan terpercaya untuk pelanggan di Kediri.",Kediri,081234560951,Hubungi Sekarang
service-kulkas-malang-952,Jasa Service Kulkas Profesional Malang,"Layanan jasa service kulkas profesional cepat, profesional, dan terpercaya untuk pelanggan di Malang.",Malang,081234560952,Hubungi Sekarang
service-mesin-cuci-surabaya-953,Jasa Service Mesin Cuci Surabaya,"Layanan jasa service mesin cuci cepat, profesional, dan terpercaya untuk pelanggan di Surabaya.",Surabaya,081234560953,Hubungi Sekarang
instalasi-listrik-blitar-954,Jasa Instalasi Listrik Blitar,"Layanan jasa instalasi listrik cepat, profesional, dan terpercaya untuk pelanggan di Blitar.",Blitar,081234560954,Hubungi Sekarang
plumbing-tulungagung-955,Jasa Plumbing Profesional Tulungagung,"Layanan jasa plumbing profesional cepat, profesional, dan terpercaya untuk pelanggan di Tulungagung.",Tulungagung,081234560955,Hubungi Sekarang
bengkel-motor-madiun-956,Bengkel Motor Terpercaya Madiun,"Layanan bengkel motor terpercaya cepat, profesional, dan terpercaya untuk pelanggan di Madiun.",Madiun,081234560956,Hubungi Sekarang
cuci-mobil-jombang-957,Jasa Cuci Mobil Jombang,"Layanan jasa cuci mobil cepat, profesional, dan terpercaya untuk pelanggan di Jombang.",Jombang,081234560957,Hubungi Sekarang
cuci-motor-nganjuk-958,Jasa Cuci Motor Nganjuk,"Layanan jasa cuci motor cepat, profesional, dan terpercaya untuk pelanggan di Nganjuk.",Nganjuk,081234560958,Hubungi Sekarang
konveksi-mojokerto-959,Jasa Konveksi Mojokerto,"Layanan jasa konveksi cepat, profesional, dan terpercaya untuk pelanggan di Mojokerto.",Mojokerto,081234560959,Hubungi Sekarang
percetakan-pasuruan-960,Jasa Percetakan Pasuruan,"Layanan jasa percetakan cepat, profesional, dan terpercaya untuk pelanggan di Pasuruan.",Pasuruan,081234560960,Hubungi Sekarang
service-ac-kediri-961,Jasa Service AC Profesional Kediri,"Layanan jasa service ac profesional cepat, profesional, dan terpercaya untuk pelanggan di Kediri.",Kediri,081234560961,Hubungi Sekarang
service-kulkas-malang-962,Jasa Service Kulkas Profesional Malang,"Layanan jasa service kulkas profesional cepat, profesional, dan terpercaya untuk pelanggan di Malang.",Malang,081234560962,Hubungi Sekarang
service-mesin-cuci-surabaya-963,Jasa Service Mesin Cuci Surabaya,"Layanan jasa service mesin cuci cepat, profesional, dan terpercaya untuk pelanggan di Surabaya.",Surabaya,081234560963,Hubungi Sekarang
instalasi-listrik-blitar-964,Jasa Instalasi Listrik Blitar,"Layanan jasa instalasi listrik cepat, profesional, dan terpercaya untuk pelanggan di Blitar.",Blitar,081234560964,Hubungi Sekarang
plumbing-tulungagung-965,Jasa Plumbing Profesional Tulungagung,"Layanan jasa plumbing profesional cepat, profesional, dan terpercaya untuk pelanggan di Tulungagung.",Tulungagung,081234560965,Hubungi Sekarang
bengkel-motor-madiun-966,Bengkel Motor Terpercaya Madiun,"Layanan bengkel motor terpercaya cepat, profesional, dan terpercaya untuk pelanggan di Madiun.",Madiun,081234560966,Hubungi Sekarang
cuci-mobil-jombang-967,Jasa Cuci Mobil Jombang,"Layanan jasa cuci mobil cepat, profesional, dan terpercaya untuk pelanggan di Jombang.",Jombang,081234560967,Hubungi Sekarang
cuci-motor-nganjuk-968,Jasa Cuci Motor Nganjuk,"Layanan jasa cuci motor cepat, profesional, dan terpercaya untuk pelanggan di Nganjuk.",Nganjuk,081234560968,Hubungi Sekarang
konveksi-mojokerto-969,Jasa Konveksi Mojokerto,"Layanan jasa konveksi cepat, profesional, dan terpercaya untuk pelanggan di Mojokerto.",Mojokerto,081234560969,Hubungi Sekarang
percetakan-pasuruan-970,Jasa Percetakan Pasuruan,"Layanan jasa percetakan cepat, profesional, dan terpercaya untuk pelanggan di Pasuruan.",Pasuruan,081234560970,Hubungi Sekarang
service-ac-kediri-971,Jasa Service AC Profesional Kediri,"Layanan jasa service ac profesional cepat, profesional, dan terpercaya untuk pelanggan di Kediri.",Kediri,081234560971,Hubungi Sekarang
service-kulkas-malang-972,Jasa Service Kulkas Profesional Malang,"Layanan jasa service kulkas profesional cepat, profesional, dan terpercaya untuk pelanggan di Malang.",Malang,081234560972,Hubungi Sekarang
service-mesin-cuci-surabaya-973,Jasa Service Mesin Cuci Surabaya,"Layanan jasa service mesin cuci cepat, profesional, dan terpercaya untuk pelanggan di Surabaya.",Surabaya,081234560973,Hubungi Sekarang
instalasi-listrik-blitar-974,Jasa Instalasi Listrik Blitar,"Layanan jasa instalasi listrik cepat, profesional, dan terpercaya untuk pelanggan di Blitar.",Blitar,081234560974,Hubungi Sekarang
plumbing-tulungagung-975,Jasa Plumbing Profesional Tulungagung,"Layanan jasa plumbing profesional cepat, profesional, dan terpercaya untuk pelanggan di Tulungagung.",Tulungagung,081234560975,Hubungi Sekarang
bengkel-motor-madiun-976,Bengkel Motor Terpercaya Madiun,"Layanan bengkel motor terpercaya cepat, profesional, dan terpercaya untuk pelanggan di Madiun.",Madiun,081234560976,Hubungi Sekarang
cuci-mobil-jombang-977,Jasa Cuci Mobil Jombang,"Layanan jasa cuci mobil cepat, profesional, dan terpercaya untuk pelanggan di Jombang.",Jombang,081234560977,Hubungi Sekarang
cuci-motor-nganjuk-978,Jasa Cuci Motor Nganjuk,"Layanan jasa cuci motor cepat, profesional, dan terpercaya untuk pelanggan di Nganjuk.",Nganjuk,081234560978,Hubungi Sekarang
konveksi-mojokerto-979,Jasa Konveksi Mojokerto,"Layanan jasa konveksi cepat, profesional, dan terpercaya untuk pelanggan di Mojokerto.",Mojokerto,081234560979,Hubungi Sekarang
percetakan-pasuruan-980,Jasa Percetakan Pasuruan,"Layanan jasa percetakan cepat, profesional, dan terpercaya untuk pelanggan di Pasuruan.",Pasuruan,081234560980,Hubungi Sekarang
service-ac-kediri-981,Jasa Service AC Profesional Kediri,"Layanan jasa service ac profesional cepat, profesional, dan terpercaya untuk pelanggan di Kediri.",Kediri,081234560981,Hubungi Sekarang
service-kulkas-malang-982,Jasa Service Kulkas Profesional Malang,"Layanan jasa service kulkas profesional cepat, profesional, dan terpercaya untuk pelanggan di Malang.",Malang,081234560982,Hubungi Sekarang
service-mesin-cuci-surabaya-983,Jasa Service Mesin Cuci Surabaya,"Layanan jasa service mesin cuci cepat, profesional, dan terpercaya untuk pelanggan di Surabaya.",Surabaya,081234560983,Hubungi Sekarang
instalasi-listrik-blitar-984,Jasa Instalasi Listrik Blitar,"Layanan jasa instalasi listrik cepat, profesional, dan terpercaya untuk pelanggan di Blitar.",Blitar,081234560984,Hubungi Sekarang
plumbing-tulungagung-985,Jasa Plumbing Profesional Tulungagung,"Layanan jasa plumbing profesional cepat, profesional, dan terpercaya untuk pelanggan di Tulungagung.",Tulungagung,081234560985,Hubungi Sekarang
bengkel-motor-madiun-986,Bengkel Motor Terpercaya Madiun,"Layanan bengkel motor terpercaya cepat, profesional, dan terpercaya untuk pelanggan di Madiun.",Madiun,081234560986,Hubungi Sekarang
cuci-mobil-jombang-987,Jasa Cuci Mobil Jombang,"Layanan jasa cuci mobil cepat, profesional, dan terpercaya untuk pelanggan di Jombang.",Jombang,081234560987,Hubungi Sekarang
cuci-motor-nganjuk-988,Jasa Cuci Motor Nganjuk,"Layanan jasa cuci motor cepat, profesional, dan terpercaya untuk pelanggan di Nganjuk.",Nganjuk,081234560988,Hubungi Sekarang
konveksi-mojokerto-989,Jasa Konveksi Mojokerto,"Layanan jasa konveksi cepat, profesional, dan terpercaya untuk pelanggan di Mojokerto.",Mojokerto,081234560989,Hubungi Sekarang
percetakan-pasuruan-990,Jasa Percetakan Pasuruan,"Layanan jasa percetakan cepat, profesional, dan terpercaya untuk pelanggan di Pasuruan.",Pasuruan,081234560990,Hubungi Sekarang
service-ac-kediri-991,Jasa Service AC Profesional Kediri,"Layanan jasa service ac profesional cepat, profesional, dan terpercaya untuk pelanggan di Kediri.",Kediri,081234560991,Hubungi Sekarang
service-kulkas-malang-992,Jasa Service Kulkas Profesional Malang,"Layanan jasa service kulkas profesional cepat, profesional, dan terpercaya untuk pelanggan di Malang.",Malang,081234560992,Hubungi Sekarang
service-mesin-cuci-surabaya-993,Jasa Service Mesin Cuci Surabaya,"Layanan jasa service mesin cuci cepat, profesional, dan terpercaya untuk pelanggan di Surabaya.",Surabaya,081234560993,Hubungi Sekarang
instalasi-listrik-blitar-994,Jasa Instalasi Listrik Blitar,"Layanan jasa instalasi listrik cepat, profesional, dan terpercaya untuk pelanggan di Blitar.",Blitar,081234560994,Hubungi Sekarang
plumbing-tulungagung-995,Jasa Plumbing Profesional Tulungagung,"Layanan jasa plumbing profesional cepat, profesional, dan terpercaya untuk pelanggan di Tulungagung.",Tulungagung,081234560995,Hubungi Sekarang
bengkel-motor-madiun-996,Bengkel Motor Terpercaya Madiun,"Layanan bengkel motor terpercaya cepat, profesional, dan terpercaya untuk pelanggan di Madiun.",Madiun,081234560996,Hubungi Sekarang
cuci-mobil-jombang-997,Jasa Cuci Mobil Jombang,"Layanan jasa cuci mobil cepat, profesional, dan terpercaya untuk pelanggan di Jombang.",Jombang,081234560997,Hubungi Sekarang
cuci-motor-nganjuk-998,Jasa Cuci Motor Nganjuk,"Layanan jasa cuci motor cepat, profesional, dan terpercaya untuk pelanggan di Nganjuk.",Nganjuk,081234560998,Hubungi Sekarang
konveksi-mojokerto-999,Jasa Konveksi Mojokerto,"Layanan jasa konveksi cepat, profesional, dan terpercaya untuk pelanggan di Mojokerto.",Mojokerto,081234560999,Hubungi Sekarang
percetakan-pasuruan-1000,Jasa Percetakan Pasuruan,"Layanan jasa percetakan cepat, profesional, dan terpercaya untuk pelanggan di Pasuruan.",Pasuruan,081234561000,Hubungi Sekarang
